user_id,gender,age
5259,0,unknown
4446,0,unknown
4447,0,unknown
4026,0,unknown
3724,0,unknown
4024,0,unknown
4022,0,unknown
4020,0,unknown
3725,0,unknown
4028,0,unknown
5988,0,unknown
5982,0,unknown
5983,0,unknown
5980,0,unknown
5981,0,unknown
5987,0,unknown
5984,0,unknown
344,0,unknown
345,0,unknown
3722,0,unknown
342,0,unknown
2918,0,unknown
3996,0,unknown
3995,0,unknown
3994,0,unknown
348,0,unknown
3992,0,unknown
3991,0,unknown
3990,0,unknown
4686,0,unknown
4844,0,unknown
5534,0,unknown
4687,0,unknown
4932,0,unknown
4933,0,unknown
4732,0,unknown
4733,0,unknown
4730,0,unknown
4731,0,unknown
4736,0,unknown
4640,0,unknown
2318,0,unknown
2319,0,unknown
4738,0,unknown
2315,0,unknown
2310,0,unknown
5854,0,unknown
5855,0,unknown
299,0,unknown
296,0,unknown
297,0,unknown
292,0,unknown
293,0,unknown
291,0,unknown
3773,0,unknown
3772,0,unknown
3771,0,unknown
4832,0,unknown
3777,0,unknown
3775,0,unknown
4835,0,unknown
4021,0,unknown
4522,0,unknown
270,0,unknown
271,0,unknown
4657,0,unknown
273,0,unknown
274,0,unknown
4521,0,unknown
276,0,unknown
278,0,unknown
279,0,unknown
4520,0,unknown
4658,0,unknown
3211,0,unknown
4431,0,unknown
2262,0,unknown
2263,0,unknown
2261,0,unknown
5487,0,unknown
2442,0,unknown
2440,0,unknown
2446,0,unknown
2447,0,unknown
2448,0,unknown
108,0,unknown
109,0,unknown
103,0,unknown
100,0,unknown
107,0,unknown
104,0,unknown
105,0,unknown
2046,0,unknown
4812,0,unknown
4811,0,unknown
4810,0,unknown
4817,0,unknown
2043,0,unknown
4814,0,unknown
4819,0,unknown
3198,0,unknown
2048,0,unknown
5828,0,unknown
5485,0,unknown
4978,0,unknown
3155,0,unknown
2737,0,unknown
5110,0,unknown
3158,0,unknown
5298,0,unknown
3513,0,unknown
3512,0,unknown
5299,0,unknown
3517,0,unknown
3516,0,unknown
3515,0,unknown
3514,0,unknown
2688,0,unknown
2689,0,unknown
5297,0,unknown
2685,0,unknown
2680,0,unknown
2682,0,unknown
2683,0,unknown
3999,0,unknown
3997,0,unknown
5482,0,unknown
3019,0,unknown
91,0,unknown
3395,0,unknown
93,0,unknown
94,0,unknown
1623,0,unknown
1622,0,unknown
1621,0,unknown
1620,0,unknown
1995,0,unknown
1626,0,unknown
3201,0,unknown
1629,0,unknown
1628,0,unknown
3208,0,unknown
3013,0,unknown
4974,0,unknown
5059,0,unknown
2860,0,unknown
2861,0,unknown
2862,0,unknown
558,0,unknown
2866,0,unknown
2867,0,unknown
555,0,unknown
554,0,unknown
557,0,unknown
551,0,unknown
550,0,unknown
553,0,unknown
552,0,unknown
5409,0,unknown
5408,0,unknown
4525,0,unknown
3348,0,unknown
5450,0,unknown
1193,0,unknown
1192,0,unknown
3346,0,unknown
1197,0,unknown
3345,0,unknown
4976,0,unknown
1759,0,unknown
1757,0,unknown
5053,0,unknown
1753,0,unknown
1752,0,unknown
1751,0,unknown
1750,0,unknown
4259,0,unknown
1176,0,unknown
1171,0,unknown
1170,0,unknown
4251,0,unknown
4253,0,unknown
4255,0,unknown
4254,0,unknown
1179,0,unknown
5532,0,unknown
5531,0,unknown
4977,0,unknown
5536,0,unknown
5535,0,unknown
510,0,unknown
5538,0,unknown
1285,0,unknown
1284,0,unknown
1286,0,unknown
5789,0,unknown
1282,0,unknown
515,0,unknown
1289,0,unknown
514,0,unknown
1578,0,unknown
685,0,unknown
684,0,unknown
1571,0,unknown
686,0,unknown
681,0,unknown
680,0,unknown
683,0,unknown
682,0,unknown
1227,0,unknown
4188,0,unknown
3434,0,unknown
621,0,unknown
873,0,unknown
627,0,unknown
2741,0,unknown
4389,0,unknown
4388,0,unknown
5629,0,unknown
5628,0,unknown
4382,0,unknown
4381,0,unknown
5624,0,unknown
5100,0,unknown
4386,0,unknown
4385,0,unknown
5620,0,unknown
407,0,unknown
406,0,unknown
405,0,unknown
404,0,unknown
403,0,unknown
1374,0,unknown
1377,0,unknown
4269,0,unknown
409,0,unknown
408,0,unknown
3834,0,unknown
3835,0,unknown
453,0,unknown
3830,0,unknown
4594,0,unknown
3833,0,unknown
2746,0,unknown
3839,0,unknown
2749,0,unknown
4033,0,unknown
4032,0,unknown
4035,0,unknown
4037,0,unknown
2748,0,unknown
4039,0,unknown
4038,0,unknown
4186,0,unknown
5998,0,unknown
4737,0,unknown
3796,0,unknown
4847,0,unknown
1245,0,unknown
4735,0,unknown
3206,0,unknown
371,0,unknown
370,0,unknown
4843,0,unknown
375,0,unknown
377,0,unknown
376,0,unknown
1019,0,unknown
1244,0,unknown
5665,0,unknown
393,0,unknown
392,0,unknown
391,0,unknown
390,0,unknown
397,0,unknown
396,0,unknown
395,0,unknown
4404,0,unknown
398,0,unknown
895,0,unknown
4729,0,unknown
4725,0,unknown
2303,0,unknown
2302,0,unknown
2305,0,unknown
2304,0,unknown
2307,0,unknown
4722,0,unknown
5846,0,unknown
5843,0,unknown
4676,0,unknown
5849,0,unknown
5848,0,unknown
5105,0,unknown
3748,0,unknown
3746,0,unknown
3740,0,unknown
245,0,unknown
244,0,unknown
247,0,unknown
4623,0,unknown
241,0,unknown
240,0,unknown
243,0,unknown
4627,0,unknown
6040,0,unknown
3591,0,unknown
248,0,unknown
2275,0,unknown
2274,0,unknown
2271,0,unknown
2270,0,unknown
2273,0,unknown
5858,0,unknown
2279,0,unknown
2278,0,unknown
5859,0,unknown
4981,0,unknown
4318,0,unknown
2459,0,unknown
2458,0,unknown
2455,0,unknown
2456,0,unknown
2451,0,unknown
2450,0,unknown
2453,0,unknown
2452,0,unknown
4980,0,unknown
178,0,unknown
177,0,unknown
174,0,unknown
172,0,unknown
170,0,unknown
2051,0,unknown
2053,0,unknown
2055,0,unknown
2054,0,unknown
2057,0,unknown
2056,0,unknown
4534,0,unknown
3691,0,unknown
3692,0,unknown
3693,0,unknown
3694,0,unknown
654,0,unknown
3696,0,unknown
3697,0,unknown
1506,0,unknown
1505,0,unknown
5739,0,unknown
3526,0,unknown
4982,0,unknown
5149,0,unknown
3547,0,unknown
3523,0,unknown
4916,0,unknown
3528,0,unknown
4654,0,unknown
5738,0,unknown
1601,0,unknown
4656,0,unknown
1600,0,unknown
2696,0,unknown
2695,0,unknown
2694,0,unknown
2691,0,unknown
2690,0,unknown
3226,0,unknown
5497,0,unknown
4653,0,unknown
1604,0,unknown
4556,0,unknown
5837,0,unknown
3223,0,unknown
4557,0,unknown
3232,0,unknown
3233,0,unknown
3230,0,unknown
3231,0,unknown
1968,0,unknown
3237,0,unknown
1619,0,unknown
5195,0,unknown
1965,0,unknown
1966,0,unknown
1967,0,unknown
1960,0,unknown
1613,0,unknown
1610,0,unknown
5192,0,unknown
4550,0,unknown
4532,0,unknown
4551,0,unknown
2872,0,unknown
2870,0,unknown
2877,0,unknown
2876,0,unknown
2875,0,unknown
4986,0,unknown
2879,0,unknown
3355,0,unknown
3354,0,unknown
3357,0,unknown
3356,0,unknown
3353,0,unknown
3359,0,unknown
5449,0,unknown
5443,0,unknown
5442,0,unknown
5441,0,unknown
5447,0,unknown
1768,0,unknown
1769,0,unknown
1762,0,unknown
1763,0,unknown
1767,0,unknown
5085,0,unknown
1765,0,unknown
1142,0,unknown
1143,0,unknown
1147,0,unknown
1144,0,unknown
1145,0,unknown
1148,0,unknown
1149,0,unknown
4820,0,unknown
5508,0,unknown
5899,0,unknown
5507,0,unknown
5504,0,unknown
5502,0,unknown
5501,0,unknown
1546,0,unknown
693,0,unknown
1544,0,unknown
1545,0,unknown
1542,0,unknown
1543,0,unknown
694,0,unknown
1541,0,unknown
698,0,unknown
1548,0,unknown
1549,0,unknown
542,0,unknown
543,0,unknown
540,0,unknown
547,0,unknown
544,0,unknown
545,0,unknown
549,0,unknown
761,0,unknown
2969,0,unknown
767,0,unknown
5287,0,unknown
764,0,unknown
2388,0,unknown
765,0,unknown
3880,0,unknown
4631,0,unknown
4531,0,unknown
5477,0,unknown
5616,0,unknown
5617,0,unknown
5615,0,unknown
416,0,unknown
5475,0,unknown
1388,0,unknown
1389,0,unknown
412,0,unknown
413,0,unknown
5472,0,unknown
5136,0,unknown
1381,0,unknown
3827,0,unknown
3826,0,unknown
3825,0,unknown
3824,0,unknown
3823,0,unknown
3822,0,unknown
3821,0,unknown
3820,0,unknown
5471,0,unknown
3828,0,unknown
5000,0,unknown
5135,0,unknown
2438,0,unknown
5006,0,unknown
4280,0,unknown
4286,0,unknown
4287,0,unknown
4284,0,unknown
4129,0,unknown
4289,0,unknown
369,0,unknown
366,0,unknown
367,0,unknown
362,0,unknown
360,0,unknown
5008,0,unknown
5460,0,unknown
5275,0,unknown
380,0,unknown
381,0,unknown
384,0,unknown
385,0,unknown
389,0,unknown
5272,0,unknown
4751,0,unknown
4753,0,unknown
4756,0,unknown
4757,0,unknown
5872,0,unknown
5873,0,unknown
5870,0,unknown
5876,0,unknown
5877,0,unknown
5874,0,unknown
5374,0,unknown
5879,0,unknown
3759,0,unknown
5462,0,unknown
3753,0,unknown
3754,0,unknown
3757,0,unknown
3756,0,unknown
2191,0,unknown
258,0,unknown
259,0,unknown
2194,0,unknown
4636,0,unknown
2196,0,unknown
4634,0,unknown
252,0,unknown
250,0,unknown
251,0,unknown
256,0,unknown
257,0,unknown
254,0,unknown
2200,0,unknown
2201,0,unknown
2203,0,unknown
2204,0,unknown
2206,0,unknown
2207,0,unknown
2209,0,unknown
5958,0,unknown
2428,0,unknown
2429,0,unknown
2420,0,unknown
2421,0,unknown
2424,0,unknown
4428,0,unknown
2432,0,unknown
4429,0,unknown
169,0,unknown
165,0,unknown
166,0,unknown
160,0,unknown
161,0,unknown
163,0,unknown
4838,0,unknown
3688,0,unknown
4529,0,unknown
4528,0,unknown
3683,0,unknown
4526,0,unknown
3681,0,unknown
4524,0,unknown
4523,0,unknown
3686,0,unknown
3685,0,unknown
3684,0,unknown
4422,0,unknown
2518,0,unknown
4423,0,unknown
2514,0,unknown
2515,0,unknown
2510,0,unknown
2511,0,unknown
2513,0,unknown
2735,0,unknown
2736,0,unknown
1840,0,unknown
2730,0,unknown
2731,0,unknown
2732,0,unknown
2733,0,unknown
4426,0,unknown
5294,0,unknown
5295,0,unknown
5293,0,unknown
5291,0,unknown
3533,0,unknown
3535,0,unknown
3534,0,unknown
3536,0,unknown
5054,0,unknown
5056,0,unknown
5057,0,unknown
5052,0,unknown
679,0,unknown
1814,0,unknown
1815,0,unknown
1817,0,unknown
1811,0,unknown
4339,0,unknown
1818,0,unknown
5468,0,unknown
4337,0,unknown
4334,0,unknown
670,0,unknown
671,0,unknown
5233,0,unknown
4953,0,unknown
4331,0,unknown
1608,0,unknown
3228,0,unknown
1979,0,unknown
4328,0,unknown
1977,0,unknown
1976,0,unknown
1975,0,unknown
1974,0,unknown
1973,0,unknown
1972,0,unknown
1607,0,unknown
3222,0,unknown
809,0,unknown
808,0,unknown
803,0,unknown
802,0,unknown
807,0,unknown
805,0,unknown
804,0,unknown
2849,0,unknown
2847,0,unknown
2844,0,unknown
2845,0,unknown
2842,0,unknown
2841,0,unknown
3320,0,unknown
3321,0,unknown
5474,0,unknown
3323,0,unknown
3324,0,unknown
5473,0,unknown
3326,0,unknown
3327,0,unknown
3329,0,unknown
5478,0,unknown
5479,0,unknown
1775,0,unknown
1774,0,unknown
1777,0,unknown
5277,0,unknown
1771,0,unknown
1770,0,unknown
1773,0,unknown
1772,0,unknown
1779,0,unknown
1778,0,unknown
608,0,unknown
5142,0,unknown
3977,0,unknown
2999,0,unknown
1155,0,unknown
1157,0,unknown
1151,0,unknown
1152,0,unknown
5519,0,unknown
5518,0,unknown
5128,0,unknown
5511,0,unknown
5510,0,unknown
5513,0,unknown
5515,0,unknown
5801,0,unknown
1551,0,unknown
1550,0,unknown
1552,0,unknown
58,0,unknown
1556,0,unknown
1559,0,unknown
1558,0,unknown
2992,0,unknown
56,0,unknown
2994,0,unknown
2995,0,unknown
52,0,unknown
537,0,unknown
536,0,unknown
535,0,unknown
534,0,unknown
533,0,unknown
532,0,unknown
54,0,unknown
1081,0,unknown
538,0,unknown
3030,0,unknown
5138,0,unknown
3031,0,unknown
5137,0,unknown
5607,0,unknown
5601,0,unknown
5603,0,unknown
3295,0,unknown
3033,0,unknown
3296,0,unknown
3297,0,unknown
5133,0,unknown
1399,0,unknown
3620,0,unknown
1397,0,unknown
420,0,unknown
1395,0,unknown
422,0,unknown
1393,0,unknown
1392,0,unknown
1391,0,unknown
1390,0,unknown
3812,0,unknown
3813,0,unknown
3810,0,unknown
3811,0,unknown
3817,0,unknown
3814,0,unknown
3815,0,unknown
3818,0,unknown
530,0,unknown
3626,0,unknown
3457,0,unknown
4295,0,unknown
4297,0,unknown
4296,0,unknown
4291,0,unknown
4290,0,unknown
539,0,unknown
5831,0,unknown
4748,0,unknown
4742,0,unknown
4741,0,unknown
4747,0,unknown
4746,0,unknown
4744,0,unknown
5868,0,unknown
4243,0,unknown
5865,0,unknown
4714,0,unknown
4715,0,unknown
5350,0,unknown
3475,0,unknown
2180,0,unknown
2187,0,unknown
2186,0,unknown
2185,0,unknown
2184,0,unknown
227,0,unknown
226,0,unknown
225,0,unknown
4605,0,unknown
223,0,unknown
222,0,unknown
220,0,unknown
2212,0,unknown
2211,0,unknown
2210,0,unknown
4712,0,unknown
5604,0,unknown
2219,0,unknown
2218,0,unknown
5431,0,unknown
150,0,unknown
2439,0,unknown
152,0,unknown
155,0,unknown
154,0,unknown
157,0,unknown
2433,0,unknown
158,0,unknown
5058,0,unknown
2430,0,unknown
2437,0,unknown
2436,0,unknown
2435,0,unknown
2434,0,unknown
5766,0,unknown
5767,0,unknown
4901,0,unknown
5749,0,unknown
3470,0,unknown
4512,0,unknown
4510,0,unknown
4511,0,unknown
4516,0,unknown
4514,0,unknown
5608,0,unknown
5760,0,unknown
2509,0,unknown
2507,0,unknown
2505,0,unknown
2504,0,unknown
2503,0,unknown
2501,0,unknown
2500,0,unknown
2727,0,unknown
2726,0,unknown
2725,0,unknown
2722,0,unknown
2721,0,unknown
5281,0,unknown
5280,0,unknown
5283,0,unknown
5285,0,unknown
5284,0,unknown
2729,0,unknown
2728,0,unknown
5049,0,unknown
5047,0,unknown
5046,0,unknown
5040,0,unknown
1807,0,unknown
1806,0,unknown
1805,0,unknown
1804,0,unknown
1803,0,unknown
1802,0,unknown
1800,0,unknown
4996,0,unknown
4994,0,unknown
4995,0,unknown
4993,0,unknown
3089,0,unknown
4491,0,unknown
5567,0,unknown
5436,0,unknown
3258,0,unknown
1256,0,unknown
5208,0,unknown
1949,0,unknown
1942,0,unknown
1943,0,unknown
1940,0,unknown
1941,0,unknown
1946,0,unknown
1947,0,unknown
3256,0,unknown
1945,0,unknown
818,0,unknown
819,0,unknown
810,0,unknown
812,0,unknown
813,0,unknown
815,0,unknown
817,0,unknown
2859,0,unknown
1991,0,unknown
3495,0,unknown
5719,0,unknown
1990,0,unknown
2850,0,unknown
2853,0,unknown
1251,0,unknown
2855,0,unknown
1993,0,unknown
2856,0,unknown
1490,0,unknown
1491,0,unknown
1492,0,unknown
1992,0,unknown
1494,0,unknown
3336,0,unknown
1496,0,unknown
1497,0,unknown
1498,0,unknown
1627,0,unknown
3339,0,unknown
3338,0,unknown
423,0,unknown
4189,0,unknown
1994,0,unknown
1700,0,unknown
5266,0,unknown
5265,0,unknown
1703,0,unknown
1704,0,unknown
5184,0,unknown
1706,0,unknown
1707,0,unknown
425,0,unknown
424,0,unknown
427,0,unknown
426,0,unknown
3659,0,unknown
1128,0,unknown
1129,0,unknown
1120,0,unknown
1121,0,unknown
1122,0,unknown
4577,0,unknown
1124,0,unknown
1126,0,unknown
5437,0,unknown
2989,0,unknown
3029,0,unknown
2983,0,unknown
2982,0,unknown
2981,0,unknown
2980,0,unknown
2987,0,unknown
2986,0,unknown
2985,0,unknown
2984,0,unknown
525,0,unknown
526,0,unknown
1018,0,unknown
521,0,unknown
522,0,unknown
523,0,unknown
1015,0,unknown
1016,0,unknown
529,0,unknown
4920,0,unknown
1234,0,unknown
1237,0,unknown
1230,0,unknown
1231,0,unknown
4198,0,unknown
6007,0,unknown
4196,0,unknown
4194,0,unknown
4192,0,unknown
4190,0,unknown
5670,0,unknown
5671,0,unknown
4358,0,unknown
4359,0,unknown
5676,0,unknown
5677,0,unknown
4354,0,unknown
4355,0,unknown
4356,0,unknown
3954,0,unknown
4350,0,unknown
4351,0,unknown
4352,0,unknown
4353,0,unknown
4677,0,unknown
438,0,unknown
439,0,unknown
436,0,unknown
437,0,unknown
435,0,unknown
432,0,unknown
433,0,unknown
4902,0,unknown
3809,0,unknown
3808,0,unknown
3804,0,unknown
3806,0,unknown
3801,0,unknown
3800,0,unknown
6008,0,unknown
4670,0,unknown
5708,0,unknown
5709,0,unknown
5706,0,unknown
5707,0,unknown
5701,0,unknown
5703,0,unknown
2868,0,unknown
2869,0,unknown
4777,0,unknown
4774,0,unknown
4775,0,unknown
4772,0,unknown
4773,0,unknown
4779,0,unknown
4176,0,unknown
4177,0,unknown
4170,0,unknown
4171,0,unknown
4172,0,unknown
5818,0,unknown
5819,0,unknown
5810,0,unknown
5811,0,unknown
5813,0,unknown
5815,0,unknown
5817,0,unknown
2465,0,unknown
3064,0,unknown
4618,0,unknown
234,0,unknown
236,0,unknown
237,0,unknown
230,0,unknown
231,0,unknown
232,0,unknown
2461,0,unknown
5148,0,unknown
2228,0,unknown
2227,0,unknown
2224,0,unknown
2225,0,unknown
2223,0,unknown
2221,0,unknown
5927,0,unknown
5921,0,unknown
5922,0,unknown
5923,0,unknown
5928,0,unknown
4824,0,unknown
147,0,unknown
144,0,unknown
145,0,unknown
142,0,unknown
143,0,unknown
2468,0,unknown
148,0,unknown
149,0,unknown
4505,0,unknown
4507,0,unknown
4506,0,unknown
4501,0,unknown
4500,0,unknown
4503,0,unknown
4887,0,unknown
4509,0,unknown
4508,0,unknown
3401,0,unknown
2088,0,unknown
2089,0,unknown
3400,0,unknown
2083,0,unknown
2080,0,unknown
2081,0,unknown
2086,0,unknown
2084,0,unknown
2539,0,unknown
3942,0,unknown
3405,0,unknown
2537,0,unknown
3404,0,unknown
2713,0,unknown
2710,0,unknown
3341,0,unknown
2717,0,unknown
2714,0,unknown
5454,0,unknown
2719,0,unknown
3409,0,unknown
5078,0,unknown
5079,0,unknown
5456,0,unknown
3408,0,unknown
5072,0,unknown
5073,0,unknown
5070,0,unknown
5457,0,unknown
5076,0,unknown
5077,0,unknown
5075,0,unknown
1833,0,unknown
1830,0,unknown
1831,0,unknown
1837,0,unknown
1834,0,unknown
3090,0,unknown
1838,0,unknown
1839,0,unknown
3791,0,unknown
3793,0,unknown
3792,0,unknown
2154,0,unknown
2407,0,unknown
2404,0,unknown
2405,0,unknown
2402,0,unknown
2403,0,unknown
2152,0,unknown
2153,0,unknown
933,0,unknown
4988,0,unknown
930,0,unknown
937,0,unknown
936,0,unknown
935,0,unknown
5380,0,unknown
5381,0,unknown
5382,0,unknown
5383,0,unknown
5385,0,unknown
5386,0,unknown
5389,0,unknown
1954,0,unknown
1950,0,unknown
1952,0,unknown
4409,0,unknown
3243,0,unknown
3240,0,unknown
3247,0,unknown
3245,0,unknown
4392,0,unknown
828,0,unknown
825,0,unknown
824,0,unknown
827,0,unknown
821,0,unknown
820,0,unknown
4310,0,unknown
4407,0,unknown
4258,0,unknown
4401,0,unknown
1483,0,unknown
1482,0,unknown
1481,0,unknown
1480,0,unknown
1487,0,unknown
1486,0,unknown
1484,0,unknown
3306,0,unknown
3307,0,unknown
5496,0,unknown
1488,0,unknown
3302,0,unknown
3303,0,unknown
3300,0,unknown
5493,0,unknown
5252,0,unknown
796,0,unknown
5250,0,unknown
794,0,unknown
5256,0,unknown
792,0,unknown
791,0,unknown
790,0,unknown
1719,0,unknown
1718,0,unknown
1270,0,unknown
613,0,unknown
2415,0,unknown
1272,0,unknown
4979,0,unknown
4362,0,unknown
4062,0,unknown
1139,0,unknown
1138,0,unknown
1133,0,unknown
1132,0,unknown
1130,0,unknown
1137,0,unknown
1134,0,unknown
2792,0,unknown
1276,0,unknown
2793,0,unknown
2790,0,unknown
2791,0,unknown
3012,0,unknown
2796,0,unknown
3010,0,unknown
3011,0,unknown
3016,0,unknown
3014,0,unknown
3015,0,unknown
1009,0,unknown
1008,0,unknown
1007,0,unknown
1006,0,unknown
1005,0,unknown
1004,0,unknown
1003,0,unknown
1002,0,unknown
1001,0,unknown
623,0,unknown
1226,0,unknown
1225,0,unknown
1223,0,unknown
626,0,unknown
624,0,unknown
4183,0,unknown
4182,0,unknown
4185,0,unknown
4184,0,unknown
1228,0,unknown
5660,0,unknown
5667,0,unknown
5666,0,unknown
4349,0,unknown
5664,0,unknown
4346,0,unknown
5669,0,unknown
4344,0,unknown
4343,0,unknown
4341,0,unknown
2882,0,unknown
2883,0,unknown
2880,0,unknown
2886,0,unknown
2887,0,unknown
2888,0,unknown
2889,0,unknown
5786,0,unknown
2,0,unknown
4257,0,unknown
5781,0,unknown
3878,0,unknown
3879,0,unknown
3870,0,unknown
3871,0,unknown
3872,0,unknown
3874,0,unknown
3877,0,unknown
13,0,unknown
12,0,unknown
15,0,unknown
17,0,unknown
3277,0,unknown
5715,0,unknown
5714,0,unknown
5712,0,unknown
5711,0,unknown
5710,0,unknown
3275,0,unknown
5621,0,unknown
3194,0,unknown
3905,0,unknown
3906,0,unknown
3901,0,unknown
3902,0,unknown
3909,0,unknown
4761,0,unknown
4760,0,unknown
4763,0,unknown
3111,0,unknown
4766,0,unknown
4769,0,unknown
4768,0,unknown
4167,0,unknown
4164,0,unknown
4163,0,unknown
929,0,unknown
5235,0,unknown
5809,0,unknown
4321,0,unknown
3192,0,unknown
5807,0,unknown
3474,0,unknown
202,0,unknown
205,0,unknown
204,0,unknown
207,0,unknown
206,0,unknown
209,0,unknown
208,0,unknown
4717,0,unknown
3191,0,unknown
3471,0,unknown
1570,0,unknown
2231,0,unknown
2744,0,unknown
2232,0,unknown
2234,0,unknown
5937,0,unknown
5936,0,unknown
5934,0,unknown
5933,0,unknown
5932,0,unknown
1574,0,unknown
5938,0,unknown
5093,0,unknown
3498,0,unknown
3499,0,unknown
3496,0,unknown
3494,0,unknown
228,0,unknown
3492,0,unknown
3493,0,unknown
3491,0,unknown
4570,0,unknown
2094,0,unknown
2097,0,unknown
4573,0,unknown
4574,0,unknown
2090,0,unknown
2092,0,unknown
3654,0,unknown
3657,0,unknown
2098,0,unknown
3652,0,unknown
3653,0,unknown
2527,0,unknown
2521,0,unknown
2523,0,unknown
2522,0,unknown
4602,0,unknown
3953,0,unknown
4495,0,unknown
4601,0,unknown
5065,0,unknown
4889,0,unknown
2708,0,unknown
5062,0,unknown
2705,0,unknown
4881,0,unknown
4882,0,unknown
2701,0,unknown
2700,0,unknown
2703,0,unknown
2702,0,unknown
1829,0,unknown
1828,0,unknown
1825,0,unknown
4405,0,unknown
4406,0,unknown
1826,0,unknown
1821,0,unknown
1820,0,unknown
4403,0,unknown
2146,0,unknown
2143,0,unknown
2414,0,unknown
2417,0,unknown
2140,0,unknown
920,0,unknown
921,0,unknown
922,0,unknown
923,0,unknown
924,0,unknown
4971,0,unknown
5393,0,unknown
5392,0,unknown
5391,0,unknown
3669,0,unknown
5396,0,unknown
3950,0,unknown
4155,0,unknown
5399,0,unknown
5398,0,unknown
4564,0,unknown
3276,0,unknown
1921,0,unknown
3274,0,unknown
1923,0,unknown
1925,0,unknown
3270,0,unknown
1927,0,unknown
3278,0,unknown
3279,0,unknown
832,0,unknown
833,0,unknown
830,0,unknown
836,0,unknown
837,0,unknown
3472,0,unknown
2410,0,unknown
838,0,unknown
3478,0,unknown
3479,0,unknown
4221,0,unknown
3,0,unknown
5587,0,unknown
5585,0,unknown
5489,0,unknown
5488,0,unknown
3311,0,unknown
3310,0,unknown
3313,0,unknown
5484,0,unknown
3315,0,unknown
3314,0,unknown
3317,0,unknown
5583,0,unknown
787,0,unknown
780,0,unknown
781,0,unknown
1728,0,unknown
783,0,unknown
1726,0,unknown
1727,0,unknown
1724,0,unknown
1723,0,unknown
1720,0,unknown
5242,0,unknown
5626,0,unknown
5625,0,unknown
4878,0,unknown
5623,0,unknown
5622,0,unknown
60,0,unknown
690,0,unknown
63,0,unknown
64,0,unknown
65,0,unknown
66,0,unknown
3002,0,unknown
68,0,unknown
3008,0,unknown
1588,0,unknown
1370,0,unknown
1583,0,unknown
1586,0,unknown
1585,0,unknown
5481,0,unknown
508,0,unknown
509,0,unknown
1032,0,unknown
1033,0,unknown
1030,0,unknown
505,0,unknown
502,0,unknown
503,0,unknown
402,0,unknown
3145,0,unknown
631,0,unknown
1210,0,unknown
633,0,unknown
1216,0,unknown
635,0,unknown
636,0,unknown
637,0,unknown
638,0,unknown
639,0,unknown
1218,0,unknown
1219,0,unknown
4245,0,unknown
4378,0,unknown
4379,0,unknown
4372,0,unknown
4373,0,unknown
4370,0,unknown
2416,0,unknown
5653,0,unknown
4374,0,unknown
2899,0,unknown
782,0,unknown
2895,0,unknown
2894,0,unknown
2897,0,unknown
1729,0,unknown
2890,0,unknown
2893,0,unknown
2892,0,unknown
1454,0,unknown
5636,0,unknown
1456,0,unknown
1457,0,unknown
1450,0,unknown
1451,0,unknown
1453,0,unknown
4457,0,unknown
4903,0,unknown
1108,0,unknown
4080,0,unknown
4081,0,unknown
3869,0,unknown
3868,0,unknown
4455,0,unknown
4087,0,unknown
4088,0,unknown
3862,0,unknown
3861,0,unknown
3860,0,unknown
3867,0,unknown
3866,0,unknown
789,0,unknown
3837,0,unknown
3736,0,unknown
4833,0,unknown
5722,0,unknown
3733,0,unknown
5721,0,unknown
5726,0,unknown
5630,0,unknown
5724,0,unknown
3732,0,unknown
4466,0,unknown
3731,0,unknown
959,0,unknown
3914,0,unknown
3913,0,unknown
3912,0,unknown
3910,0,unknown
5631,0,unknown
3918,0,unknown
4519,0,unknown
4798,0,unknown
4695,0,unknown
4796,0,unknown
4791,0,unknown
4152,0,unknown
4153,0,unknown
5834,0,unknown
4151,0,unknown
4156,0,unknown
4157,0,unknown
4154,0,unknown
4030,0,unknown
5839,0,unknown
4929,0,unknown
3071,0,unknown
217,0,unknown
214,0,unknown
215,0,unknown
212,0,unknown
211,0,unknown
1530,0,unknown
4036,0,unknown
218,0,unknown
4837,0,unknown
5902,0,unknown
5903,0,unknown
5900,0,unknown
4,0,unknown
5908,0,unknown
5909,0,unknown
3489,0,unknown
3488,0,unknown
4368,0,unknown
3481,0,unknown
3284,0,unknown
3482,0,unknown
3484,0,unknown
3487,0,unknown
4567,0,unknown
4566,0,unknown
4565,0,unknown
3648,0,unknown
3647,0,unknown
3646,0,unknown
3645,0,unknown
3643,0,unknown
3640,0,unknown
2550,0,unknown
2551,0,unknown
2553,0,unknown
2554,0,unknown
2555,0,unknown
2556,0,unknown
61,0,unknown
2558,0,unknown
2394,0,unknown
2395,0,unknown
2391,0,unknown
3001,0,unknown
2399,0,unknown
5010,0,unknown
2779,0,unknown
4899,0,unknown
4898,0,unknown
3003,0,unknown
5017,0,unknown
2770,0,unknown
2771,0,unknown
2772,0,unknown
2773,0,unknown
2774,0,unknown
4896,0,unknown
2776,0,unknown
2777,0,unknown
3166,0,unknown
3167,0,unknown
1850,0,unknown
4416,0,unknown
1852,0,unknown
4414,0,unknown
4271,0,unknown
1855,0,unknown
1856,0,unknown
2172,0,unknown
5168,0,unknown
5691,0,unknown
4900,0,unknown
2174,0,unknown
2175,0,unknown
915,0,unknown
4966,0,unknown
917,0,unknown
4711,0,unknown
4963,0,unknown
4962,0,unknown
4333,0,unknown
4960,0,unknown
2605,0,unknown
2606,0,unknown
2600,0,unknown
2601,0,unknown
2602,0,unknown
2603,0,unknown
4270,0,unknown
3261,0,unknown
1932,0,unknown
1931,0,unknown
1930,0,unknown
1937,0,unknown
5129,0,unknown
3267,0,unknown
1934,0,unknown
5124,0,unknown
3268,0,unknown
5126,0,unknown
5127,0,unknown
5120,0,unknown
5121,0,unknown
5123,0,unknown
3467,0,unknown
846,0,unknown
3465,0,unknown
843,0,unknown
3460,0,unknown
5435,0,unknown
849,0,unknown
848,0,unknown
664,0,unknown
4160,0,unknown
4713,0,unknown
5438,0,unknown
5452,0,unknown
5308,0,unknown
5453,0,unknown
1739,0,unknown
1738,0,unknown
5230,0,unknown
5231,0,unknown
1733,0,unknown
1732,0,unknown
662,0,unknown
1734,0,unknown
1737,0,unknown
1736,0,unknown
757,0,unknown
754,0,unknown
758,0,unknown
5260,0,unknown
1595,0,unknown
506,0,unknown
1597,0,unknown
1591,0,unknown
1590,0,unknown
1593,0,unknown
1592,0,unknown
2954,0,unknown
2955,0,unknown
2956,0,unknown
2957,0,unknown
504,0,unknown
2952,0,unknown
2953,0,unknown
1025,0,unknown
1027,0,unknown
1031,0,unknown
1020,0,unknown
1022,0,unknown
1036,0,unknown
5348,0,unknown
1037,0,unknown
501,0,unknown
604,0,unknown
4366,0,unknown
1209,0,unknown
600,0,unknown
4363,0,unknown
4272,0,unknown
1204,0,unknown
609,0,unknown
632,0,unknown
1202,0,unknown
5648,0,unknown
1211,0,unknown
4277,0,unknown
5645,0,unknown
5647,0,unknown
1217,0,unknown
3108,0,unknown
3104,0,unknown
3105,0,unknown
1215,0,unknown
3101,0,unknown
3102,0,unknown
3103,0,unknown
1447,0,unknown
1446,0,unknown
1445,0,unknown
1112,0,unknown
1443,0,unknown
1442,0,unknown
1441,0,unknown
1440,0,unknown
1119,0,unknown
1449,0,unknown
4093,0,unknown
4091,0,unknown
4090,0,unknown
4097,0,unknown
4096,0,unknown
4094,0,unknown
5068,0,unknown
2401,0,unknown
4099,0,unknown
4098,0,unknown
5735,0,unknown
4857,0,unknown
5737,0,unknown
5736,0,unknown
489,0,unknown
488,0,unknown
485,0,unknown
483,0,unknown
482,0,unknown
481,0,unknown
4586,0,unknown
4853,0,unknown
4851,0,unknown
3922,0,unknown
3923,0,unknown
3920,0,unknown
3921,0,unknown
3926,0,unknown
3924,0,unknown
3925,0,unknown
4721,0,unknown
3929,0,unknown
4720,0,unknown
5656,0,unknown
4723,0,unknown
4789,0,unknown
4788,0,unknown
4787,0,unknown
4786,0,unknown
4782,0,unknown
4780,0,unknown
5821,0,unknown
5823,0,unknown
4149,0,unknown
5824,0,unknown
5827,0,unknown
5826,0,unknown
4144,0,unknown
4146,0,unknown
4141,0,unknown
4142,0,unknown
3857,0,unknown
3854,0,unknown
3855,0,unknown
3852,0,unknown
3853,0,unknown
3850,0,unknown
3851,0,unknown
5842,0,unknown
3005,0,unknown
4012,0,unknown
5239,0,unknown
2898,0,unknown
4823,0,unknown
5918,0,unknown
5915,0,unknown
5914,0,unknown
5916,0,unknown
5912,0,unknown
2896,0,unknown
199,0,unknown
198,0,unknown
195,0,unknown
197,0,unknown
191,0,unknown
190,0,unknown
192,0,unknown
3679,0,unknown
4558,0,unknown
4559,0,unknown
3672,0,unknown
3673,0,unknown
3670,0,unknown
3671,0,unknown
3674,0,unknown
3675,0,unknown
1106,0,unknown
2544,0,unknown
3006,0,unknown
1274,0,unknown
1104,0,unknown
2380,0,unknown
1105,0,unknown
2384,0,unknown
2387,0,unknown
2389,0,unknown
1102,0,unknown
5003,0,unknown
3581,0,unknown
2769,0,unknown
2768,0,unknown
3585,0,unknown
3586,0,unknown
3587,0,unknown
3588,0,unknown
2762,0,unknown
2761,0,unknown
1101,0,unknown
2766,0,unknown
2765,0,unknown
2764,0,unknown
5580,0,unknown
4260,0,unknown
1849,0,unknown
1848,0,unknown
3000,0,unknown
904,0,unknown
4621,0,unknown
1843,0,unknown
1842,0,unknown
4420,0,unknown
909,0,unknown
1847,0,unknown
1846,0,unknown
1845,0,unknown
4425,0,unknown
3250,0,unknown
4958,0,unknown
4959,0,unknown
3251,0,unknown
2165,0,unknown
4624,0,unknown
4950,0,unknown
4956,0,unknown
4957,0,unknown
4625,0,unknown
2616,0,unknown
2615,0,unknown
2614,0,unknown
2613,0,unknown
4626,0,unknown
2611,0,unknown
2610,0,unknown
4082,0,unknown
2619,0,unknown
4083,0,unknown
5139,0,unknown
1909,0,unknown
3294,0,unknown
1907,0,unknown
1904,0,unknown
3257,0,unknown
3290,0,unknown
5132,0,unknown
1900,0,unknown
1901,0,unknown
3452,0,unknown
3453,0,unknown
3450,0,unknown
857,0,unknown
3456,0,unknown
851,0,unknown
852,0,unknown
853,0,unknown
3459,0,unknown
858,0,unknown
859,0,unknown
3293,0,unknown
5425,0,unknown
4089,0,unknown
5490,0,unknown
3864,0,unknown
4915,0,unknown
5882,0,unknown
5222,0,unknown
5220,0,unknown
5225,0,unknown
5224,0,unknown
740,0,unknown
741,0,unknown
744,0,unknown
747,0,unknown
749,0,unknown
5884,0,unknown
3063,0,unknown
3062,0,unknown
3061,0,unknown
3066,0,unknown
2949,0,unknown
2948,0,unknown
2946,0,unknown
3069,0,unknown
2943,0,unknown
2941,0,unknown
1050,0,unknown
5353,0,unknown
1057,0,unknown
1058,0,unknown
3989,0,unknown
5359,0,unknown
5358,0,unknown
1696,0,unknown
1793,0,unknown
1694,0,unknown
1695,0,unknown
1692,0,unknown
1693,0,unknown
1690,0,unknown
2919,0,unknown
1698,0,unknown
1278,0,unknown
1279,0,unknown
4312,0,unknown
2852,0,unknown
4314,0,unknown
4315,0,unknown
4316,0,unknown
612,0,unknown
1797,0,unknown
610,0,unknown
1273,0,unknown
616,0,unknown
1275,0,unknown
614,0,unknown
615,0,unknown
1795,0,unknown
1794,0,unknown
3333,0,unknown
3119,0,unknown
3332,0,unknown
3116,0,unknown
3115,0,unknown
3114,0,unknown
3112,0,unknown
2469,0,unknown
1472,0,unknown
1473,0,unknown
1470,0,unknown
1471,0,unknown
1474,0,unknown
5723,0,unknown
3337,0,unknown
5464,0,unknown
1304,0,unknown
1305,0,unknown
1306,0,unknown
5422,0,unknown
1302,0,unknown
5466,0,unknown
1309,0,unknown
5727,0,unknown
5740,0,unknown
4587,0,unknown
498,0,unknown
4229,0,unknown
5746,0,unknown
3280,0,unknown
3263,0,unknown
3597,0,unknown
496,0,unknown
5725,0,unknown
491,0,unknown
492,0,unknown
493,0,unknown
5586,0,unknown
25,0,unknown
26,0,unknown
27,0,unknown
20,0,unknown
21,0,unknown
22,0,unknown
29,0,unknown
3262,0,unknown
5267,0,unknown
3939,0,unknown
3938,0,unknown
3935,0,unknown
5032,0,unknown
3937,0,unknown
3931,0,unknown
3930,0,unknown
3932,0,unknown
5264,0,unknown
5263,0,unknown
4138,0,unknown
4139,0,unknown
5261,0,unknown
4130,0,unknown
4131,0,unknown
4132,0,unknown
4133,0,unknown
4136,0,unknown
4137,0,unknown
3841,0,unknown
5690,0,unknown
4436,0,unknown
3845,0,unknown
3844,0,unknown
3847,0,unknown
3848,0,unknown
5698,0,unknown
5699,0,unknown
4465,0,unknown
4923,0,unknown
3916,0,unknown
5307,0,unknown
4922,0,unknown
4046,0,unknown
4047,0,unknown
4040,0,unknown
4041,0,unknown
4042,0,unknown
4049,0,unknown
5968,0,unknown
7,0,unknown
5962,0,unknown
5963,0,unknown
5964,0,unknown
5965,0,unknown
5967,0,unknown
3698,0,unknown
3661,0,unknown
3660,0,unknown
3662,0,unknown
2280,0,unknown
2281,0,unknown
2282,0,unknown
2283,0,unknown
2284,0,unknown
4947,0,unknown
2286,0,unknown
5582,0,unknown
4548,0,unknown
4460,0,unknown
4538,0,unknown
4543,0,unknown
4545,0,unknown
4544,0,unknown
4547,0,unknown
4546,0,unknown
2578,0,unknown
2579,0,unknown
2576,0,unknown
2577,0,unknown
2574,0,unknown
2575,0,unknown
2572,0,unknown
2573,0,unknown
5194,0,unknown
2571,0,unknown
4826,0,unknown
2378,0,unknown
2379,0,unknown
4461,0,unknown
2374,0,unknown
2376,0,unknown
2370,0,unknown
4536,0,unknown
2373,0,unknown
2594,0,unknown
2595,0,unknown
2596,0,unknown
4825,0,unknown
2590,0,unknown
2591,0,unknown
2592,0,unknown
2593,0,unknown
5036,0,unknown
5037,0,unknown
3599,0,unknown
3598,0,unknown
2598,0,unknown
2599,0,unknown
5030,0,unknown
3695,0,unknown
1876,0,unknown
1874,0,unknown
1875,0,unknown
1872,0,unknown
1873,0,unknown
4432,0,unknown
4533,0,unknown
4439,0,unknown
1879,0,unknown
977,0,unknown
976,0,unknown
4319,0,unknown
4941,0,unknown
972,0,unknown
971,0,unknown
4942,0,unknown
4949,0,unknown
4948,0,unknown
2118,0,unknown
2119,0,unknown
180,0,unknown
181,0,unknown
186,0,unknown
4320,0,unknown
2110,0,unknown
5372,0,unknown
188,0,unknown
2113,0,unknown
2114,0,unknown
2115,0,unknown
2116,0,unknown
2623,0,unknown
2620,0,unknown
2626,0,unknown
2627,0,unknown
2625,0,unknown
2629,0,unknown
4592,0,unknown
4327,0,unknown
3289,0,unknown
3288,0,unknown
5102,0,unknown
1913,0,unknown
1912,0,unknown
3283,0,unknown
3282,0,unknown
3281,0,unknown
1916,0,unknown
869,0,unknown
868,0,unknown
3449,0,unknown
3141,0,unknown
861,0,unknown
3444,0,unknown
863,0,unknown
862,0,unknown
865,0,unknown
3440,0,unknown
867,0,unknown
3442,0,unknown
2756,0,unknown
2757,0,unknown
2026,0,unknown
2755,0,unknown
2020,0,unknown
2022,0,unknown
2023,0,unknown
2028,0,unknown
2758,0,unknown
2759,0,unknown
882,0,unknown
881,0,unknown
880,0,unknown
5286,0,unknown
889,0,unknown
5216,0,unknown
3148,0,unknown
5212,0,unknown
5211,0,unknown
5219,0,unknown
3729,0,unknown
4591,0,unknown
5792,0,unknown
5244,0,unknown
3973,0,unknown
775,0,unknown
774,0,unknown
770,0,unknown
773,0,unknown
772,0,unknown
778,0,unknown
419,0,unknown
77,0,unknown
76,0,unknown
2978,0,unknown
74,0,unknown
73,0,unknown
71,0,unknown
70,0,unknown
2972,0,unknown
2970,0,unknown
2971,0,unknown
2976,0,unknown
2974,0,unknown
2975,0,unknown
1042,0,unknown
1041,0,unknown
1040,0,unknown
5366,0,unknown
1046,0,unknown
1044,0,unknown
1049,0,unknown
1048,0,unknown
1681,0,unknown
1680,0,unknown
1682,0,unknown
1685,0,unknown
1684,0,unknown
1687,0,unknown
1686,0,unknown
1689,0,unknown
4303,0,unknown
4302,0,unknown
4301,0,unknown
1268,0,unknown
4306,0,unknown
669,0,unknown
667,0,unknown
1262,0,unknown
665,0,unknown
1260,0,unknown
1267,0,unknown
1266,0,unknown
661,0,unknown
1264,0,unknown
3285,0,unknown
3128,0,unknown
3129,0,unknown
4595,0,unknown
5153,0,unknown
3123,0,unknown
3120,0,unknown
3121,0,unknown
3126,0,unknown
3124,0,unknown
3125,0,unknown
5029,0,unknown
1469,0,unknown
1468,0,unknown
1465,0,unknown
1464,0,unknown
1467,0,unknown
1466,0,unknown
1463,0,unknown
1462,0,unknown
1317,0,unknown
1316,0,unknown
1315,0,unknown
1313,0,unknown
1312,0,unknown
5800,0,unknown
1318,0,unknown
5753,0,unknown
5750,0,unknown
4239,0,unknown
4238,0,unknown
4237,0,unknown
4235,0,unknown
4233,0,unknown
5593,0,unknown
5592,0,unknown
5595,0,unknown
5596,0,unknown
5599,0,unknown
5598,0,unknown
5097,0,unknown
1011,0,unknown
4454,0,unknown
3447,0,unknown
3446,0,unknown
3940,0,unknown
3941,0,unknown
311,0,unknown
317,0,unknown
4217,0,unknown
4216,0,unknown
4211,0,unknown
5060,0,unknown
3402,0,unknown
4128,0,unknown
4121,0,unknown
4120,0,unknown
4127,0,unknown
2754,0,unknown
4125,0,unknown
4124,0,unknown
1334,0,unknown
5685,0,unknown
2752,0,unknown
5686,0,unknown
5156,0,unknown
1337,0,unknown
4734,0,unknown
4604,0,unknown
4218,0,unknown
1333,0,unknown
4703,0,unknown
4702,0,unknown
3273,0,unknown
4054,0,unknown
4053,0,unknown
4052,0,unknown
4051,0,unknown
4050,0,unknown
4059,0,unknown
4058,0,unknown
4930,0,unknown
5979,0,unknown
5978,0,unknown
5674,0,unknown
4361,0,unknown
5970,0,unknown
5977,0,unknown
5975,0,unknown
5675,0,unknown
3610,0,unknown
3611,0,unknown
3612,0,unknown
2298,0,unknown
3615,0,unknown
3819,0,unknown
3617,0,unknown
3618,0,unknown
2292,0,unknown
2291,0,unknown
2295,0,unknown
4931,0,unknown
5678,0,unknown
5679,0,unknown
2568,0,unknown
2561,0,unknown
2565,0,unknown
5196,0,unknown
2566,0,unknown
2369,0,unknown
2365,0,unknown
2363,0,unknown
2362,0,unknown
2361,0,unknown
2360,0,unknown
2587,0,unknown
2586,0,unknown
2585,0,unknown
2583,0,unknown
2581,0,unknown
5021,0,unknown
5023,0,unknown
5022,0,unknown
5025,0,unknown
5026,0,unknown
1861,0,unknown
1860,0,unknown
1863,0,unknown
1862,0,unknown
3728,0,unknown
1864,0,unknown
1867,0,unknown
1866,0,unknown
1869,0,unknown
1868,0,unknown
3726,0,unknown
3727,0,unknown
3720,0,unknown
3721,0,unknown
3207,0,unknown
3723,0,unknown
964,0,unknown
965,0,unknown
966,0,unknown
4685,0,unknown
4682,0,unknown
4935,0,unknown
5217,0,unknown
4939,0,unknown
968,0,unknown
4688,0,unknown
4689,0,unknown
5577,0,unknown
2109,0,unknown
2103,0,unknown
2102,0,unknown
2101,0,unknown
2107,0,unknown
5575,0,unknown
2105,0,unknown
2104,0,unknown
5115,0,unknown
5116,0,unknown
5111,0,unknown
2638,0,unknown
2634,0,unknown
2636,0,unknown
3092,0,unknown
878,0,unknown
879,0,unknown
876,0,unknown
874,0,unknown
3433,0,unknown
872,0,unknown
1243,0,unknown
2037,0,unknown
2740,0,unknown
2743,0,unknown
2742,0,unknown
2032,0,unknown
2031,0,unknown
2030,0,unknown
9,0,unknown
1533,0,unknown
4802,0,unknown
4841,0,unknown
2039,0,unknown
1532,0,unknown
890,0,unknown
891,0,unknown
894,0,unknown
647,0,unknown
896,0,unknown
897,0,unknown
898,0,unknown
646,0,unknown
3651,0,unknown
5104,0,unknown
5254,0,unknown
5201,0,unknown
1249,0,unknown
5202,0,unknown
5205,0,unknown
5206,0,unknown
5209,0,unknown
3236,0,unknown
5907,0,unknown
3545,0,unknown
3546,0,unknown
3099,0,unknown
3540,0,unknown
3541,0,unknown
3542,0,unknown
3543,0,unknown
4369,0,unknown
3235,0,unknown
3548,0,unknown
1617,0,unknown
3238,0,unknown
1788,0,unknown
2964,0,unknown
768,0,unknown
769,0,unknown
2961,0,unknown
2960,0,unknown
2962,0,unknown
1780,0,unknown
1612,0,unknown
760,0,unknown
1783,0,unknown
1784,0,unknown
1785,0,unknown
1786,0,unknown
1787,0,unknown
3048,0,unknown
5193,0,unknown
3041,0,unknown
3040,0,unknown
3043,0,unknown
3042,0,unknown
3045,0,unknown
3044,0,unknown
5395,0,unknown
3046,0,unknown
5379,0,unknown
5378,0,unknown
1079,0,unknown
1077,0,unknown
1074,0,unknown
5376,0,unknown
5371,0,unknown
5370,0,unknown
5373,0,unknown
1071,0,unknown
1679,0,unknown
1674,0,unknown
1676,0,unknown
1677,0,unknown
1672,0,unknown
1097,0,unknown
1090,0,unknown
1091,0,unknown
1093,0,unknown
674,0,unknown
675,0,unknown
676,0,unknown
677,0,unknown
1098,0,unknown
1099,0,unknown
672,0,unknown
673,0,unknown
3135,0,unknown
3134,0,unknown
3137,0,unknown
3130,0,unknown
3133,0,unknown
3132,0,unknown
3138,0,unknown
4443,0,unknown
1418,0,unknown
6018,0,unknown
1410,0,unknown
1411,0,unknown
1412,0,unknown
1413,0,unknown
1414,0,unknown
1415,0,unknown
1416,0,unknown
1417,0,unknown
1320,0,unknown
1324,0,unknown
1325,0,unknown
1328,0,unknown
1329,0,unknown
5180,0,unknown
4647,0,unknown
5769,0,unknown
4202,0,unknown
4203,0,unknown
4200,0,unknown
5,0,unknown
4207,0,unknown
4204,0,unknown
5761,0,unknown
5568,0,unknown
4445,0,unknown
5564,0,unknown
5565,0,unknown
5566,0,unknown
5181,0,unknown
1524,0,unknown
1526,0,unknown
1255,0,unknown
1520,0,unknown
1522,0,unknown
1523,0,unknown
1528,0,unknown
1529,0,unknown
1258,0,unknown
1259,0,unknown
308,0,unknown
309,0,unknown
4635,0,unknown
3958,0,unknown
300,0,unknown
301,0,unknown
302,0,unknown
303,0,unknown
3957,0,unknown
307,0,unknown
4116,0,unknown
4117,0,unknown
4114,0,unknown
4115,0,unknown
4112,0,unknown
4113,0,unknown
4111,0,unknown
4118,0,unknown
4119,0,unknown
5187,0,unknown
5143,0,unknown
2979,0,unknown
3340,0,unknown
4448,0,unknown
3058,0,unknown
5011,0,unknown
5012,0,unknown
3056,0,unknown
5013,0,unknown
3054,0,unknown
4449,0,unknown
5015,0,unknown
3204,0,unknown
4060,0,unknown
4061,0,unknown
5942,0,unknown
4067,0,unknown
5940,0,unknown
3052,0,unknown
4068,0,unknown
4069,0,unknown
5949,0,unknown
4893,0,unknown
4442,0,unknown
5787,0,unknown
5780,0,unknown
3050,0,unknown
4892,0,unknown
4639,0,unknown
3051,0,unknown
4891,0,unknown
3602,0,unknown
3600,0,unknown
3607,0,unknown
3605,0,unknown
4897,0,unknown
5360,0,unknown
5038,0,unknown
5469,0,unknown
5157,0,unknown
4638,0,unknown
2478,0,unknown
5367,0,unknown
4571,0,unknown
2990,0,unknown
5365,0,unknown
2350,0,unknown
4944,0,unknown
2354,0,unknown
5369,0,unknown
2991,0,unknown
4451,0,unknown
4450,0,unknown
1898,0,unknown
3739,0,unknown
3738,0,unknown
3737,0,unknown
1895,0,unknown
4459,0,unknown
3734,0,unknown
1890,0,unknown
1891,0,unknown
1892,0,unknown
3730,0,unknown
2136,0,unknown
958,0,unknown
4693,0,unknown
2135,0,unknown
2132,0,unknown
4694,0,unknown
4696,0,unknown
951,0,unknown
950,0,unknown
953,0,unknown
952,0,unknown
957,0,unknown
956,0,unknown
6028,0,unknown
6020,0,unknown
6021,0,unknown
6022,0,unknown
477,0,unknown
6024,0,unknown
6026,0,unknown
6027,0,unknown
2648,0,unknown
2649,0,unknown
5162,0,unknown
5163,0,unknown
5165,0,unknown
5166,0,unknown
4801,0,unknown
2640,0,unknown
2641,0,unknown
2643,0,unknown
2644,0,unknown
2645,0,unknown
2646,0,unknown
4805,0,unknown
3428,0,unknown
4806,0,unknown
3423,0,unknown
3422,0,unknown
3421,0,unknown
3427,0,unknown
3426,0,unknown
3425,0,unknown
3424,0,unknown
4417,0,unknown
2000,0,unknown
2001,0,unknown
4589,0,unknown
2007,0,unknown
2005,0,unknown
4585,0,unknown
4856,0,unknown
2008,0,unknown
3027,0,unknown
4581,0,unknown
4583,0,unknown
4412,0,unknown
5171,0,unknown
4411,0,unknown
3557,0,unknown
3556,0,unknown
3555,0,unknown
3554,0,unknown
3553,0,unknown
3550,0,unknown
3559,0,unknown
3558,0,unknown
1261,0,unknown
1799,0,unknown
1798,0,unknown
2914,0,unknown
2915,0,unknown
2916,0,unknown
718,0,unknown
717,0,unknown
716,0,unknown
1791,0,unknown
714,0,unknown
713,0,unknown
1796,0,unknown
711,0,unknown
710,0,unknown
4967,0,unknown
3024,0,unknown
5186,0,unknown
660,0,unknown
2178,0,unknown
5954,0,unknown
1069,0,unknown
5300,0,unknown
5301,0,unknown
1063,0,unknown
1064,0,unknown
1067,0,unknown
1066,0,unknown
4961,0,unknown
1668,0,unknown
1667,0,unknown
1666,0,unknown
1665,0,unknown
1663,0,unknown
1662,0,unknown
1661,0,unknown
1087,0,unknown
1086,0,unknown
1085,0,unknown
595,0,unknown
1082,0,unknown
597,0,unknown
1080,0,unknown
599,0,unknown
598,0,unknown
4323,0,unknown
4324,0,unknown
1089,0,unknown
3022,0,unknown
3142,0,unknown
2828,0,unknown
2829,0,unknown
3147,0,unknown
2824,0,unknown
3149,0,unknown
2826,0,unknown
2827,0,unknown
2821,0,unknown
2822,0,unknown
2823,0,unknown
3386,0,unknown
3387,0,unknown
3384,0,unknown
5417,0,unknown
3383,0,unknown
5412,0,unknown
5413,0,unknown
5795,0,unknown
1409,0,unknown
5794,0,unknown
5134,0,unknown
4622,0,unknown
1402,0,unknown
1400,0,unknown
1406,0,unknown
1404,0,unknown
4215,0,unknown
449,0,unknown
448,0,unknown
1339,0,unknown
4210,0,unknown
4213,0,unknown
4212,0,unknown
443,0,unknown
442,0,unknown
441,0,unknown
440,0,unknown
4219,0,unknown
1330,0,unknown
445,0,unknown
1332,0,unknown
5779,0,unknown
5778,0,unknown
691,0,unknown
5771,0,unknown
696,0,unknown
5773,0,unknown
5772,0,unknown
5775,0,unknown
5774,0,unknown
5776,0,unknown
39,0,unknown
3260,0,unknown
33,0,unknown
5576,0,unknown
31,0,unknown
36,0,unknown
35,0,unknown
5570,0,unknown
1537,0,unknown
640,0,unknown
643,0,unknown
1534,0,unknown
645,0,unknown
644,0,unknown
1531,0,unknown
1246,0,unknown
649,0,unknown
3265,0,unknown
3098,0,unknown
2496,0,unknown
1539,0,unknown
1538,0,unknown
5179,0,unknown
339,0,unknown
338,0,unknown
335,0,unknown
331,0,unknown
330,0,unknown
333,0,unknown
332,0,unknown
4101,0,unknown
4100,0,unknown
4103,0,unknown
4105,0,unknown
4104,0,unknown
4106,0,unknown
4109,0,unknown
4108,0,unknown
5347,0,unknown
5002,0,unknown
3898,0,unknown
3899,0,unknown
3892,0,unknown
3893,0,unknown
3890,0,unknown
3897,0,unknown
3894,0,unknown
3466,0,unknown
8,0,unknown
3463,0,unknown
5951,0,unknown
5950,0,unknown
4079,0,unknown
4078,0,unknown
5957,0,unknown
4075,0,unknown
4074,0,unknown
4076,0,unknown
4071,0,unknown
4070,0,unknown
4073,0,unknown
4072,0,unknown
5797,0,unknown
5083,0,unknown
3964,0,unknown
3965,0,unknown
5793,0,unknown
3963,0,unknown
5791,0,unknown
3961,0,unknown
3968,0,unknown
3969,0,unknown
3435,0,unknown
3638,0,unknown
3639,0,unknown
3637,0,unknown
3634,0,unknown
3635,0,unknown
3632,0,unknown
3633,0,unknown
3630,0,unknown
3631,0,unknown
3469,0,unknown
3468,0,unknown
4613,0,unknown
2345,0,unknown
2344,0,unknown
2347,0,unknown
2341,0,unknown
2340,0,unknown
2342,0,unknown
4615,0,unknown
2349,0,unknown
2348,0,unknown
4616,0,unknown
5005,0,unknown
3708,0,unknown
3709,0,unknown
1889,0,unknown
1888,0,unknown
1887,0,unknown
1886,0,unknown
1885,0,unknown
1884,0,unknown
3706,0,unknown
1882,0,unknown
1881,0,unknown
3705,0,unknown
4795,0,unknown
2122,0,unknown
2125,0,unknown
4669,0,unknown
948,0,unknown
949,0,unknown
946,0,unknown
4665,0,unknown
4666,0,unknown
945,0,unknown
4661,0,unknown
4910,0,unknown
941,0,unknown
6032,0,unknown
6030,0,unknown
6034,0,unknown
2659,0,unknown
2658,0,unknown
5177,0,unknown
5174,0,unknown
2653,0,unknown
2652,0,unknown
2651,0,unknown
2650,0,unknown
2655,0,unknown
3416,0,unknown
132,0,unknown
131,0,unknown
130,0,unknown
3412,0,unknown
136,0,unknown
135,0,unknown
3411,0,unknown
138,0,unknown
3419,0,unknown
4868,0,unknown
2019,0,unknown
2018,0,unknown
2015,0,unknown
2014,0,unknown
2017,0,unknown
4861,0,unknown
4866,0,unknown
2010,0,unknown
4864,0,unknown
182,0,unknown
3563,0,unknown
5161,0,unknown
3561,0,unknown
3567,0,unknown
3564,0,unknown
3565,0,unknown
5270,0,unknown
5640,0,unknown
4485,0,unknown
4486,0,unknown
4487,0,unknown
4481,0,unknown
4488,0,unknown
4489,0,unknown
2903,0,unknown
2902,0,unknown
2901,0,unknown
2900,0,unknown
2905,0,unknown
2904,0,unknown
705,0,unknown
706,0,unknown
707,0,unknown
700,0,unknown
702,0,unknown
82,0,unknown
80,0,unknown
87,0,unknown
84,0,unknown
85,0,unknown
5319,0,unknown
5318,0,unknown
5312,0,unknown
5316,0,unknown
5315,0,unknown
1652,0,unknown
1651,0,unknown
1656,0,unknown
1655,0,unknown
586,0,unknown
587,0,unknown
585,0,unknown
582,0,unknown
581,0,unknown
5273,0,unknown
3216,0,unknown
589,0,unknown
3152,0,unknown
3157,0,unknown
3156,0,unknown
2839,0,unknown
2838,0,unknown
2836,0,unknown
2835,0,unknown
2834,0,unknown
2833,0,unknown
2832,0,unknown
2830,0,unknown
3391,0,unknown
1437,0,unknown
3393,0,unknown
1435,0,unknown
1432,0,unknown
3394,0,unknown
1430,0,unknown
1431,0,unknown
3399,0,unknown
3398,0,unknown
1438,0,unknown
1439,0,unknown
5232,0,unknown
458,0,unknown
1349,0,unknown
4263,0,unknown
4264,0,unknown
4265,0,unknown
4267,0,unknown
450,0,unknown
1341,0,unknown
452,0,unknown
1343,0,unknown
454,0,unknown
1346,0,unknown
457,0,unknown
3702,0,unknown
5236,0,unknown
5167,0,unknown
3703,0,unknown
5237,0,unknown
3700,0,unknown
3701,0,unknown
5542,0,unknown
5543,0,unknown
5540,0,unknown
5541,0,unknown
5546,0,unknown
5544,0,unknown
4463,0,unknown
1502,0,unknown
1503,0,unknown
1500,0,unknown
1501,0,unknown
652,0,unknown
1507,0,unknown
650,0,unknown
651,0,unknown
3085,0,unknown
3084,0,unknown
3086,0,unknown
3081,0,unknown
3080,0,unknown
5890,0,unknown
5891,0,unknown
5892,0,unknown
5893,0,unknown
5895,0,unknown
5897,0,unknown
4668,0,unknown
3885,0,unknown
3884,0,unknown
3887,0,unknown
3886,0,unknown
3881,0,unknown
2127,0,unknown
3883,0,unknown
3882,0,unknown
2126,0,unknown
3889,0,unknown
3888,0,unknown
2129,0,unknown
4650,0,unknown
4667,0,unknown
4663,0,unknown
4008,0,unknown
4009,0,unknown
4000,0,unknown
4002,0,unknown
4005,0,unknown
4006,0,unknown
4007,0,unknown
322,0,unknown
323,0,unknown
320,0,unknown
321,0,unknown
326,0,unknown
327,0,unknown
324,0,unknown
328,0,unknown
329,0,unknown
3628,0,unknown
3621,0,unknown
2819,0,unknown
3623,0,unknown
3622,0,unknown
3624,0,unknown
1340,0,unknown
2818,0,unknown
2330,0,unknown
2331,0,unknown
2332,0,unknown
2333,0,unknown
5765,0,unknown
2335,0,unknown
2336,0,unknown
2337,0,unknown
2338,0,unknown
4718,0,unknown
3072,0,unknown
2958,0,unknown
2959,0,unknown
3715,0,unknown
3714,0,unknown
3717,0,unknown
3716,0,unknown
3076,0,unknown
3712,0,unknown
3077,0,unknown
3719,0,unknown
3718,0,unknown
4126,0,unknown
4478,0,unknown
5170,0,unknown
4471,0,unknown
4470,0,unknown
4473,0,unknown
4475,0,unknown
4474,0,unknown
4477,0,unknown
4476,0,unknown
4908,0,unknown
6000,0,unknown
4678,0,unknown
2486,0,unknown
2487,0,unknown
2484,0,unknown
2485,0,unknown
4673,0,unknown
4904,0,unknown
4671,0,unknown
2481,0,unknown
4498,0,unknown
2249,0,unknown
2247,0,unknown
2240,0,unknown
2241,0,unknown
2242,0,unknown
2243,0,unknown
994,0,unknown
2466,0,unknown
996,0,unknown
990,0,unknown
2462,0,unknown
2463,0,unknown
5146,0,unknown
5145,0,unknown
999,0,unknown
998,0,unknown
5140,0,unknown
5141,0,unknown
120,0,unknown
121,0,unknown
3403,0,unknown
123,0,unknown
124,0,unknown
125,0,unknown
126,0,unknown
5684,0,unknown
128,0,unknown
129,0,unknown
4877,0,unknown
4871,0,unknown
3379,0,unknown
4873,0,unknown
4872,0,unknown
4879,0,unknown
3414,0,unknown
5680,0,unknown
2069,0,unknown
2798,0,unknown
3415,0,unknown
2060,0,unknown
2061,0,unknown
2062,0,unknown
2063,0,unknown
2064,0,unknown
2065,0,unknown
2794,0,unknown
2067,0,unknown
5426,0,unknown
3410,0,unknown
5019,0,unknown
5421,0,unknown
3370,0,unknown
5098,0,unknown
3578,0,unknown
3575,0,unknown
5091,0,unknown
5092,0,unknown
3576,0,unknown
3571,0,unknown
3570,0,unknown
5096,0,unknown
3572,0,unknown
2666,0,unknown
4496,0,unknown
2664,0,unknown
2665,0,unknown
2662,0,unknown
2660,0,unknown
4490,0,unknown
722,0,unknown
4499,0,unknown
723,0,unknown
2932,0,unknown
2933,0,unknown
2930,0,unknown
2931,0,unknown
5326,0,unknown
5327,0,unknown
5324,0,unknown
5322,0,unknown
5323,0,unknown
5321,0,unknown
5657,0,unknown
3798,0,unknown
1644,0,unknown
1647,0,unknown
1646,0,unknown
1640,0,unknown
1643,0,unknown
1648,0,unknown
4228,0,unknown
728,0,unknown
729,0,unknown
5654,0,unknown
3797,0,unknown
579,0,unknown
578,0,unknown
4364,0,unknown
572,0,unknown
571,0,unknown
570,0,unknown
575,0,unknown
2808,0,unknown
2809,0,unknown
2802,0,unknown
2803,0,unknown
3164,0,unknown
3165,0,unknown
3162,0,unknown
3163,0,unknown
3160,0,unknown
3161,0,unknown
1420,0,unknown
1423,0,unknown
1422,0,unknown
3368,0,unknown
3369,0,unknown
1427,0,unknown
1426,0,unknown
3365,0,unknown
3366,0,unknown
3367,0,unknown
3361,0,unknown
731,0,unknown
733,0,unknown
732,0,unknown
735,0,unknown
734,0,unknown
736,0,unknown
739,0,unknown
738,0,unknown
4057,0,unknown
1359,0,unknown
1358,0,unknown
469,0,unknown
1352,0,unknown
4279,0,unknown
466,0,unknown
461,0,unknown
460,0,unknown
463,0,unknown
462,0,unknown
4884,0,unknown
5554,0,unknown
5557,0,unknown
5556,0,unknown
5550,0,unknown
5553,0,unknown
5552,0,unknown
5559,0,unknown
4860,0,unknown
4858,0,unknown
2158,0,unknown
4885,0,unknown
4867,0,unknown
1519,0,unknown
1518,0,unknown
3392,0,unknown
1515,0,unknown
1514,0,unknown
2012,0,unknown
1511,0,unknown
1512,0,unknown
3439,0,unknown
5881,0,unknown
5880,0,unknown
5886,0,unknown
5885,0,unknown
1735,0,unknown
5889,0,unknown
5888,0,unknown
3185,0,unknown
3186,0,unknown
3187,0,unknown
3180,0,unknown
3181,0,unknown
3182,0,unknown
3183,0,unknown
5646,0,unknown
3189,0,unknown
5875,0,unknown
3397,0,unknown
5971,0,unknown
4019,0,unknown
4013,0,unknown
3783,0,unknown
4011,0,unknown
4010,0,unknown
4017,0,unknown
3396,0,unknown
356,0,unknown
355,0,unknown
354,0,unknown
352,0,unknown
351,0,unknown
350,0,unknown
3984,0,unknown
3985,0,unknown
3986,0,unknown
3980,0,unknown
359,0,unknown
3107,0,unknown
5064,0,unknown
4855,0,unknown
2323,0,unknown
4706,0,unknown
2321,0,unknown
4704,0,unknown
2908,0,unknown
2326,0,unknown
4701,0,unknown
2324,0,unknown
2328,0,unknown
1113,0,unknown
3619,0,unknown
280,0,unknown
282,0,unknown
284,0,unknown
286,0,unknown
3761,0,unknown
3762,0,unknown
3763,0,unknown
3764,0,unknown
1117,0,unknown
3768,0,unknown
3769,0,unknown
1116,0,unknown
261,0,unknown
267,0,unknown
266,0,unknown
269,0,unknown
4435,0,unknown
6011,0,unknown
2498,0,unknown
4648,0,unknown
6012,0,unknown
6014,0,unknown
6016,0,unknown
2491,0,unknown
2490,0,unknown
2493,0,unknown
4641,0,unknown
2494,0,unknown
4644,0,unknown
1297,0,unknown
4424,0,unknown
2254,0,unknown
5470,0,unknown
2251,0,unknown
5159,0,unknown
2476,0,unknown
988,0,unknown
2474,0,unknown
2473,0,unknown
2472,0,unknown
2470,0,unknown
5150,0,unknown
980,0,unknown
981,0,unknown
5155,0,unknown
5154,0,unknown
984,0,unknown
985,0,unknown
115,0,unknown
117,0,unknown
116,0,unknown
111,0,unknown
110,0,unknown
113,0,unknown
112,0,unknown
118,0,unknown
3432,0,unknown
4800,0,unknown
2784,0,unknown
2787,0,unknown
2786,0,unknown
2781,0,unknown
2780,0,unknown
2783,0,unknown
4807,0,unknown
2789,0,unknown
2788,0,unknown
5289,0,unknown
2078,0,unknown
2071,0,unknown
2076,0,unknown
2074,0,unknown
1035,0,unknown
3508,0,unknown
3509,0,unknown
5088,0,unknown
3500,0,unknown
5082,0,unknown
3503,0,unknown
3504,0,unknown
5086,0,unknown
3506,0,unknown
5084,0,unknown
2670,0,unknown
2673,0,unknown
2672,0,unknown
2675,0,unknown
2674,0,unknown
2676,0,unknown
2678,0,unknown
3220,0,unknown
2929,0,unknown
2928,0,unknown
5733,0,unknown
2921,0,unknown
2920,0,unknown
2923,0,unknown
2922,0,unknown
2927,0,unknown
5331,0,unknown
5332,0,unknown
5335,0,unknown
5336,0,unknown
5339,0,unknown
5338,0,unknown
4906,0,unknown
1630,0,unknown
1987,0,unknown
1632,0,unknown
1985,0,unknown
1983,0,unknown
1980,0,unknown
1981,0,unknown
1639,0,unknown
3218,0,unknown
1989,0,unknown
2909,0,unknown
2815,0,unknown
2814,0,unknown
2817,0,unknown
2816,0,unknown
2813,0,unknown
2812,0,unknown
560,0,unknown
562,0,unknown
563,0,unknown
564,0,unknown
565,0,unknown
566,0,unknown
567,0,unknown
3173,0,unknown
3172,0,unknown
3175,0,unknown
3176,0,unknown
4894,0,unknown
1188,0,unknown
3378,0,unknown
3377,0,unknown
3376,0,unknown
3375,0,unknown
3374,0,unknown
3373,0,unknown
3371,0,unknown
1181,0,unknown
727,0,unknown
725,0,unknown
1748,0,unknown
1749,0,unknown
1744,0,unknown
1746,0,unknown
1740,0,unknown
1741,0,unknown
1742,0,unknown
1743,0,unknown
1165,0,unknown
1166,0,unknown
4393,0,unknown
1160,0,unknown
4248,0,unknown
5028,0,unknown
4247,0,unknown
4244,0,unknown
3309,0,unknown
4242,0,unknown
1169,0,unknown
4240,0,unknown
4241,0,unknown
5520,0,unknown
5522,0,unknown
5799,0,unknown
5994,0,unknown
5527,0,unknown
5528,0,unknown
5529,0,unknown
5633,0,unknown
3305,0,unknown
48,0,unknown
49,0,unknown
47,0,unknown
44,0,unknown
42,0,unknown
43,0,unknown
5491,0,unknown
1298,0,unknown
1299,0,unknown
5492,0,unknown
1292,0,unknown
1293,0,unknown
1562,0,unknown
1564,0,unknown
1565,0,unknown
1566,0,unknown
1567,0,unknown
474,0,unknown
4739,0,unknown
4440,0,unknown
5638,0,unknown
1715,0,unknown
4441,0,unknown
5634,0,unknown
1201,0,unknown
1714,0,unknown
4394,0,unknown
4395,0,unknown
4396,0,unknown
4397,0,unknown
1367,0,unknown
3195,0,unknown
471,0,unknown
1362,0,unknown
1363,0,unknown
1360,0,unknown
3190,0,unknown
478,0,unknown
479,0,unknown
5258,0,unknown
1369,0,unknown
4300,1,unknown
6029,1,unknown
5310,1,unknown
4168,1,unknown
3927,1,unknown
5590,1,unknown
5745,1,unknown
5632,1,unknown
5990,1,unknown
5561,1,unknown
4027,1,unknown
4025,1,unknown
3088,1,unknown
3087,1,unknown
5852,1,unknown
4785,1,unknown
2306,1,unknown
4781,1,unknown
4029,1,unknown
5055,1,unknown
3259,1,unknown
4371,1,unknown
5825,1,unknown
3552,1,unknown
1257,1,unknown
4145,1,unknown
4147,1,unknown
3253,1,unknown
3254,1,unknown
2170,1,unknown
1944,1,unknown
5910,1,unknown
3856,1,unknown
347,1,unknown
340,1,unknown
5650,1,unknown
343,1,unknown
5512,1,unknown
5651,1,unknown
814,1,unknown
3858,1,unknown
918,1,unknown
2911,1,unknown
2912,1,unknown
2913,1,unknown
5081,1,unknown
2851,1,unknown
1792,1,unknown
4968,1,unknown
2854,1,unknown
6038,1,unknown
2073,1,unknown
3331,1,unknown
1493,1,unknown
4579,1,unknown
1396,1,unknown
5838,1,unknown
4305,1,unknown
4444,1,unknown
5031,1,unknown
1068,1,unknown
1394,1,unknown
1705,1,unknown
5744,1,unknown
2317,1,unknown
2314,1,unknown
4173,1,unknown
5304,1,unknown
2313,1,unknown
619,1,unknown
2311,1,unknown
4938,1,unknown
5856,1,unknown
5857,1,unknown
5850,1,unknown
5851,1,unknown
298,1,unknown
3658,1,unknown
294,1,unknown
1664,1,unknown
5911,1,unknown
5188,1,unknown
290,1,unknown
1660,1,unknown
4329,1,unknown
590,1,unknown
593,1,unknown
3680,1,unknown
3776,1,unknown
596,1,unknown
3687,1,unknown
3779,1,unknown
196,1,unknown
1125,1,unknown
193,1,unknown
4834,1,unknown
3140,1,unknown
3143,1,unknown
3144,1,unknown
5610,1,unknown
5198,1,unknown
277,1,unknown
2825,1,unknown
4554,1,unknown
4555,1,unknown
3676,1,unknown
3677,1,unknown
5539,1,unknown
4646,1,unknown
2541,1,unknown
2540,1,unknown
5410,1,unknown
5796,1,unknown
3026,1,unknown
2548,1,unknown
3023,1,unknown
5306,1,unknown
3021,1,unknown
3020,1,unknown
2381,1,unknown
2268,1,unknown
527,1,unknown
520,1,unknown
1014,1,unknown
2409,1,unknown
1401,1,unknown
1407,1,unknown
1012,1,unknown
2519,1,unknown
3580,1,unknown
1235,1,unknown
1236,1,unknown
2441,1,unknown
5007,1,unknown
1232,1,unknown
1233,1,unknown
2763,1,unknown
4197,1,unknown
5009,1,unknown
1336,1,unknown
1238,1,unknown
1239,1,unknown
3668,1,unknown
5672,1,unknown
5673,1,unknown
3784,1,unknown
101,1,unknown
106,1,unknown
2520,1,unknown
4813,1,unknown
4620,1,unknown
38,1,unknown
907,1,unknown
2040,1,unknown
905,1,unknown
4191,1,unknown
908,1,unknown
30,1,unknown
37,1,unknown
5572,1,unknown
5571,1,unknown
1844,1,unknown
1536,1,unknown
1535,1,unknown
1373,1,unknown
3096,1,unknown
2512,1,unknown
3095,1,unknown
4952,1,unknown
648,1,unknown
434,1,unknown
4951,1,unknown
2161,1,unknown
2617,1,unknown
2612,1,unknown
3805,1,unknown
334,1,unknown
4936,1,unknown
3154,1,unknown
3803,1,unknown
2618,1,unknown
2266,1,unknown
3299,1,unknown
4629,1,unknown
1906,1,unknown
2864,1,unknown
4849,1,unknown
1905,1,unknown
3291,1,unknown
3292,1,unknown
5130,1,unknown
854,1,unknown
855,1,unknown
856,1,unknown
3451,1,unknown
156,1,unknown
5704,1,unknown
5705,1,unknown
3510,1,unknown
5700,1,unknown
3239,1,unknown
6003,1,unknown
6,1,unknown
5340,1,unknown
3891,1,unknown
4886,1,unknown
2681,1,unknown
5407,1,unknown
5946,1,unknown
5024,1,unknown
3178,1,unknown
5001,1,unknown
2738,1,unknown
5905,1,unknown
5405,1,unknown
5763,1,unknown
2264,1,unknown
4776,1,unknown
98,1,unknown
4909,1,unknown
3464,1,unknown
3560,1,unknown
4770,1,unknown
4771,1,unknown
92,1,unknown
97,1,unknown
96,1,unknown
4174,1,unknown
5183,1,unknown
3205,1,unknown
5952,1,unknown
3629,1,unknown
3202,1,unknown
3200,1,unknown
1999,1,unknown
1998,1,unknown
4077,1,unknown
5189,1,unknown
4178,1,unknown
4179,1,unknown
3967,1,unknown
6013,1,unknown
3960,1,unknown
5812,1,unknown
4588,1,unknown
3502,1,unknown
2464,1,unknown
743,1,unknown
559,1,unknown
2865,1,unknown
556,1,unknown
3988,1,unknown
5480,1,unknown
5906,1,unknown
4619,1,unknown
6004,1,unknown
2372,1,unknown
3060,1,unknown
238,1,unknown
3065,1,unknown
4610,1,unknown
4611,1,unknown
2460,1,unknown
2945,1,unknown
2944,1,unknown
2942,1,unknown
2531,1,unknown
233,1,unknown
5357,1,unknown
1052,1,unknown
3068,1,unknown
5352,1,unknown
2343,1,unknown
5976,1,unknown
2226,1,unknown
3343,1,unknown
2222,1,unknown
1194,1,unknown
2220,1,unknown
1196,1,unknown
1697,1,unknown
5926,1,unknown
5920,1,unknown
4617,1,unknown
1691,1,unknown
1756,1,unknown
1755,1,unknown
5549,1,unknown
4905,1,unknown
146,1,unknown
5458,1,unknown
1175,1,unknown
1174,1,unknown
1173,1,unknown
140,1,unknown
4317,1,unknown
1271,1,unknown
4252,1,unknown
617,1,unknown
4256,1,unknown
5533,1,unknown
3349,1,unknown
5537,1,unknown
4809,1,unknown
4468,1,unknown
4469,1,unknown
4467,1,unknown
4464,1,unknown
5688,1,unknown
4148,1,unknown
5004,1,unknown
3347,1,unknown
1287,1,unknown
4816,1,unknown
4596,1,unknown
5351,1,unknown
1283,1,unknown
4664,1,unknown
2128,1,unknown
4914,1,unknown
1813,1,unknown
942,1,unknown
943,1,unknown
4662,1,unknown
3342,1,unknown
3330,1,unknown
1477,1,unknown
1475,1,unknown
1572,1,unknown
687,1,unknown
1000,1,unknown
6037,1,unknown
1576,1,unknown
1575,1,unknown
2535,1,unknown
5521,1,unknown
5172,1,unknown
2711,1,unknown
2716,1,unknown
1301,1,unknown
2339,1,unknown
2715,1,unknown
5713,1,unknown
2718,1,unknown
3093,1,unknown
5945,1,unknown
2654,1,unknown
3417,1,unknown
5742,1,unknown
137,1,unknown
499,1,unknown
4224,1,unknown
4225,1,unknown
139,1,unknown
497,1,unknown
3418,1,unknown
4223,1,unknown
24,1,unknown
5400,1,unknown
5758,1,unknown
4593,1,unknown
3795,1,unknown
3794,1,unknown
4380,1,unknown
28,1,unknown
3790,1,unknown
5588,1,unknown
4232,1,unknown
1371,1,unknown
4268,1,unknown
939,1,unknown
938,1,unknown
1375,1,unknown
2400,1,unknown
400,1,unknown
932,1,unknown
931,1,unknown
2016,1,unknown
2011,1,unknown
2159,1,unknown
2408,1,unknown
934,1,unknown
3836,1,unknown
5384,1,unknown
3831,1,unknown
3832,1,unknown
1701,1,unknown
5388,1,unknown
3936,1,unknown
3838,1,unknown
3933,1,unknown
455,1,unknown
5995,1,unknown
1957,1,unknown
5619,1,unknown
1951,1,unknown
4187,1,unknown
1953,1,unknown
5992,1,unknown
2926,1,unknown
5999,1,unknown
1958,1,unknown
3987,1,unknown
3562,1,unknown
3249,1,unknown
3248,1,unknown
5349,1,unknown
4434,1,unknown
3034,1,unknown
2963,1,unknown
3569,1,unknown
4134,1,unknown
3246,1,unknown
4313,1,unknown
3244,1,unknown
379,1,unknown
5693,1,unknown
3842,1,unknown
4387,1,unknown
4482,1,unknown
1824,1,unknown
2489,1,unknown
373,1,unknown
372,1,unknown
4612,1,unknown
374,1,unknown
822,1,unknown
5755,1,unknown
1177,1,unknown
3097,1,unknown
2907,1,unknown
5551,1,unknown
704,1,unknown
701,1,unknown
703,1,unknown
5282,1,unknown
88,1,unknown
89,1,unknown
5498,1,unknown
4402,1,unknown
1485,1,unknown
5494,1,unknown
83,1,unknown
399,1,unknown
5268,1,unknown
4345,1,unknown
3301,1,unknown
797,1,unknown
2068,1,unknown
795,1,unknown
5251,1,unknown
793,1,unknown
5257,1,unknown
4043,1,unknown
2301,1,unknown
4724,1,unknown
4726,1,unknown
4048,1,unknown
799,1,unknown
798,1,unknown
5847,1,unknown
1658,1,unknown
1659,1,unknown
5841,1,unknown
4614,1,unknown
5974,1,unknown
3592,1,unknown
5966,1,unknown
2142,1,unknown
2289,1,unknown
3037,1,unknown
4890,1,unknown
1669,1,unknown
3663,1,unknown
3699,1,unknown
3745,1,unknown
1136,1,unknown
588,1,unknown
3153,1,unknown
4869,1,unknown
5152,1,unknown
246,1,unknown
4322,1,unknown
242,1,unknown
4628,1,unknown
4540,1,unknown
3159,1,unknown
249,1,unknown
5917,1,unknown
1436,1,unknown
3390,1,unknown
2277,1,unknown
1433,1,unknown
5401,1,unknown
3664,1,unknown
3751,1,unknown
4970,1,unknown
4655,1,unknown
4065,1,unknown
3017,1,unknown
2570,1,unknown
2797,1,unknown
519,1,unknown
518,1,unknown
5530,1,unknown
2066,1,unknown
511,1,unknown
2375,1,unknown
927,1,unknown
2371,1,unknown
517,1,unknown
516,1,unknown
3593,1,unknown
459,1,unknown
4262,1,unknown
3590,1,unknown
3596,1,unknown
625,1,unknown
5039,1,unknown
4181,1,unknown
3358,1,unknown
5035,1,unknown
1344,1,unknown
1345,1,unknown
1229,1,unknown
1347,1,unknown
5663,1,unknown
1877,1,unknown
4437,1,unknown
3770,1,unknown
4745,1,unknown
1871,1,unknown
4347,1,unknown
176,1,unknown
175,1,unknown
5668,1,unknown
5785,1,unknown
3150,1,unknown
171,1,unknown
4340,1,unknown
2157,1,unknown
2050,1,unknown
3644,1,unknown
2881,1,unknown
973,1,unknown
4940,1,unknown
2884,1,unknown
2885,1,unknown
2058,1,unknown
4537,1,unknown
4530,1,unknown
5547,1,unknown
5545,1,unknown
656,1,unknown
183,1,unknown
655,1,unknown
187,1,unknown
2112,1,unknown
4793,1,unknown
3082,1,unknown
2622,1,unknown
3544,1,unknown
3943,1,unknown
5694,1,unknown
2628,1,unknown
3873,1,unknown
2390,1,unknown
4918,1,unknown
3945,1,unknown
1918,1,unknown
5108,1,unknown
3525,1,unknown
3829,1,unknown
6036,1,unknown
1911,1,unknown
3286,1,unknown
5106,1,unknown
1914,1,unknown
3529,1,unknown
11,1,unknown
10,1,unknown
5434,1,unknown
3448,1,unknown
3304,1,unknown
5718,1,unknown
3445,1,unknown
18,1,unknown
3441,1,unknown
3443,1,unknown
5955,1,unknown
2027,1,unknown
2753,1,unknown
2750,1,unknown
2698,1,unknown
2697,1,unknown
2029,1,unknown
883,1,unknown
3603,1,unknown
2106,1,unknown
3907,1,unknown
887,1,unknown
4863,1,unknown
569,1,unknown
4660,1,unknown
4983,1,unknown
4652,1,unknown
3601,1,unknown
2529,1,unknown
5214,1,unknown
4762,1,unknown
4765,1,unknown
4015,1,unknown
4767,1,unknown
3406,1,unknown
6017,1,unknown
2177,1,unknown
4165,1,unknown
5901,1,unknown
2873,1,unknown
1969,1,unknown
1964,1,unknown
4001,1,unknown
5197,1,unknown
1615,1,unknown
5191,1,unknown
1961,1,unknown
1962,1,unknown
1963,1,unknown
3971,1,unknown
3970,1,unknown
3972,1,unknown
3975,1,unknown
325,1,unknown
3979,1,unknown
2871,1,unknown
3609,1,unknown
5804,1,unknown
201,1,unknown
200,1,unknown
203,1,unknown
776,1,unknown
771,1,unknown
6005,1,unknown
2874,1,unknown
2745,1,unknown
4928,1,unknown
3627,1,unknown
5866,1,unknown
2988,1,unknown
3351,1,unknown
2533,1,unknown
2973,1,unknown
3055,1,unknown
2977,1,unknown
78,1,unknown
1043,1,unknown
2238,1,unknown
4716,1,unknown
1479,1,unknown
2334,1,unknown
5364,1,unknown
2182,1,unknown
2230,1,unknown
2233,1,unknown
5440,1,unknown
6035,1,unknown
4719,1,unknown
2237,1,unknown
4419,1,unknown
4553,1,unknown
1683,1,unknown
5109,1,unknown
2534,1,unknown
5931,1,unknown
5429,1,unknown
5043,1,unknown
1688,1,unknown
1760,1,unknown
5939,1,unknown
5959,1,unknown
1140,1,unknown
1141,1,unknown
1146,1,unknown
6015,1,unknown
3713,1,unknown
668,1,unknown
3497,1,unknown
4609,1,unknown
663,1,unknown
1265,1,unknown
5419,1,unknown
3171,1,unknown
2096,1,unknown
2091,1,unknown
3388,1,unknown
4576,1,unknown
5103,1,unknown
5506,1,unknown
3655,1,unknown
3656,1,unknown
4472,1,unknown
5609,1,unknown
5503,1,unknown
5500,1,unknown
2525,1,unknown
2524,1,unknown
3743,1,unknown
4261,1,unknown
697,1,unknown
2488,1,unknown
695,1,unknown
3122,1,unknown
4675,1,unknown
4674,1,unknown
2482,1,unknown
2383,1,unknown
2480,1,unknown
3174,1,unknown
5947,1,unknown
541,1,unknown
2248,1,unknown
5305,1,unknown
2385,1,unknown
548,1,unknown
5956,1,unknown
1460,1,unknown
5361,1,unknown
995,1,unknown
4298,1,unknown
1314,1,unknown
991,1,unknown
992,1,unknown
4880,1,unknown
2706,1,unknown
5175,1,unknown
1319,1,unknown
3420,1,unknown
5806,1,unknown
122,1,unknown
4023,1,unknown
3407,1,unknown
127,1,unknown
4236,1,unknown
5759,1,unknown
4234,1,unknown
2260,1,unknown
4231,1,unknown
5341,1,unknown
4874,1,unknown
5618,1,unknown
4876,1,unknown
4408,1,unknown
4870,1,unknown
5597,1,unknown
5612,1,unknown
528,1,unknown
1827,1,unknown
5343,1,unknown
4400,1,unknown
1823,1,unknown
928,1,unknown
4839,1,unknown
2413,1,unknown
410,1,unknown
411,1,unknown
2141,1,unknown
1385,1,unknown
6025,1,unknown
418,1,unknown
925,1,unknown
1382,1,unknown
1383,1,unknown
3948,1,unknown
319,1,unknown
313,1,unknown
312,1,unknown
5655,1,unknown
310,1,unknown
3944,1,unknown
3255,1,unknown
315,1,unknown
314,1,unknown
1920,1,unknown
1922,1,unknown
3583,1,unknown
1924,1,unknown
5423,1,unknown
5871,1,unknown
2517,1,unknown
4226,1,unknown
4283,1,unknown
3477,1,unknown
2444,1,unknown
834,1,unknown
3473,1,unknown
4123,1,unknown
3574,1,unknown
4288,1,unknown
4199,1,unknown
5185,1,unknown
5095,1,unknown
2667,1,unknown
5455,1,unknown
2663,1,unknown
2937,1,unknown
5692,1,unknown
364,1,unknown
365,1,unknown
5681,1,unknown
2668,1,unknown
361,1,unknown
1832,1,unknown
2939,1,unknown
2936,1,unknown
447,1,unknown
2934,1,unknown
2751,1,unknown
5276,1,unknown
4681,1,unknown
382,1,unknown
383,1,unknown
4249,1,unknown
5320,1,unknown
387,1,unknown
5762,1,unknown
3312,1,unknown
5483,1,unknown
5328,1,unknown
5329,1,unknown
1645,1,unknown
4912,1,unknown
5249,1,unknown
2325,1,unknown
5245,1,unknown
4752,1,unknown
5446,1,unknown
5241,1,unknown
4755,1,unknown
2692,1,unknown
4383,1,unknown
5325,1,unknown
5845,1,unknown
5972,1,unknown
5377,1,unknown
4159,1,unknown
151,1,unknown
4659,1,unknown
5683,1,unknown
573,1,unknown
3750,1,unknown
3752,1,unknown
3755,1,unknown
576,1,unknown
5279,1,unknown
2190,1,unknown
3004,1,unknown
62,1,unknown
4630,1,unknown
4637,1,unknown
3168,1,unknown
67,1,unknown
2198,1,unknown
69,1,unknown
2800,1,unknown
2801,1,unknown
3009,1,unknown
2807,1,unknown
4360,1,unknown
2406,1,unknown
5430,1,unknown
4357,1,unknown
5428,1,unknown
2205,1,unknown
4603,1,unknown
5444,1,unknown
1429,1,unknown
1428,1,unknown
1580,1,unknown
1581,1,unknown
1587,1,unknown
3363,1,unknown
5696,1,unknown
1038,1,unknown
1039,1,unknown
5829,1,unknown
2367,1,unknown
2150,1,unknown
2364,1,unknown
500,1,unknown
4143,1,unknown
1212,1,unknown
2584,1,unknown
2582,1,unknown
4275,1,unknown
2580,1,unknown
464,1,unknown
467,1,unknown
1376,1,unknown
5368,1,unknown
1356,1,unknown
1355,1,unknown
1354,1,unknown
4895,1,unknown
3219,1,unknown
3462,1,unknown
1865,1,unknown
1378,1,unknown
167,1,unknown
4376,1,unknown
162,1,unknown
4375,1,unknown
3179,1,unknown
4815,1,unknown
962,1,unknown
4452,1,unknown
4831,1,unknown
3682,1,unknown
2041,1,unknown
2891,1,unknown
969,1,unknown
4836,1,unknown
1107,1,unknown
5215,1,unknown
1103,1,unknown
2516,1,unknown
1516,1,unknown
1510,1,unknown
1513,1,unknown
4456,1,unknown
2734,1,unknown
4818,1,unknown
2639,1,unknown
4085,1,unknown
5573,1,unknown
2637,1,unknown
5695,1,unknown
2631,1,unknown
2630,1,unknown
2633,1,unknown
3531,1,unknown
5641,1,unknown
3532,1,unknown
5887,1,unknown
5238,1,unknown
5728,1,unknown
3539,1,unknown
4784,1,unknown
5050,1,unknown
5051,1,unknown
3765,1,unknown
5611,1,unknown
1816,1,unknown
4458,1,unknown
3766,1,unknown
1812,1,unknown
1240,1,unknown
3430,1,unknown
3431,1,unknown
5505,1,unknown
5387,1,unknown
1819,1,unknown
870,1,unknown
5644,1,unknown
3184,1,unknown
2036,1,unknown
4590,1,unknown
642,1,unknown
2033,1,unknown
4597,1,unknown
2747,1,unknown
4845,1,unknown
4598,1,unknown
4840,1,unknown
4842,1,unknown
2038,1,unknown
3917,1,unknown
3915,1,unknown
893,1,unknown
4166,1,unknown
899,1,unknown
5579,1,unknown
5200,1,unknown
5203,1,unknown
5248,1,unknown
4799,1,unknown
5290,1,unknown
1248,1,unknown
5199,1,unknown
4973,1,unknown
4797,1,unknown
4790,1,unknown
2167,1,unknown
4792,1,unknown
4162,1,unknown
1609,1,unknown
4563,1,unknown
4987,1,unknown
4018,1,unknown
3229,1,unknown
5830,1,unknown
3224,1,unknown
3227,1,unknown
1602,1,unknown
4338,1,unknown
3549,1,unknown
1971,1,unknown
1606,1,unknown
5930,1,unknown
353,1,unknown
5661,1,unknown
5991,1,unknown
801,1,unknown
800,1,unknown
5182,1,unknown
358,1,unknown
2965,1,unknown
2966,1,unknown
213,1,unknown
2647,1,unknown
3758,1,unknown
2846,1,unknown
3100,1,unknown
766,1,unknown
2843,1,unknown
219,1,unknown
3322,1,unknown
3325,1,unknown
4222,1,unknown
2139,1,unknown
6001,1,unknown
3047,1,unknown
5754,1,unknown
4568,1,unknown
2320,1,unknown
1078,1,unknown
4700,1,unknown
1076,1,unknown
2329,1,unknown
1075,1,unknown
1072,1,unknown
1073,1,unknown
1070,1,unknown
288,1,unknown
5808,1,unknown
1678,1,unknown
5904,1,unknown
4991,1,unknown
1675,1,unknown
5516,1,unknown
5986,1,unknown
5303,1,unknown
5993,1,unknown
1095,1,unknown
5066,1,unknown
1158,1,unknown
1092,1,unknown
5044,1,unknown
3483,1,unknown
1156,1,unknown
4332,1,unknown
1150,1,unknown
4330,1,unknown
2296,1,unknown
263,1,unknown
262,1,unknown
4561,1,unknown
3136,1,unknown
3131,1,unknown
5997,1,unknown
265,1,unknown
2506,1,unknown
3038,1,unknown
268,1,unknown
3642,1,unknown
3039,1,unknown
2998,1,unknown
1553,1,unknown
59,1,unknown
1554,1,unknown
1557,1,unknown
55,1,unknown
3035,1,unknown
2492,1,unknown
2495,1,unknown
50,1,unknown
2497,1,unknown
2997,1,unknown
1419,1,unknown
2392,1,unknown
531,1,unknown
2258,1,unknown
2257,1,unknown
2256,1,unknown
2255,1,unknown
1448,1,unknown
2252,1,unknown
5262,1,unknown
6009,1,unknown
1323,1,unknown
2475,1,unknown
1321,1,unknown
5016,1,unknown
4907,1,unknown
982,1,unknown
983,1,unknown
2197,1,unknown
987,1,unknown
2479,1,unknown
5605,1,unknown
114,1,unknown
2724,1,unknown
5768,1,unknown
253,1,unknown
5071,1,unknown
5164,1,unknown
5764,1,unknown
4645,1,unknown
4206,1,unknown
4710,1,unknown
4205,1,unknown
1858,1,unknown
1859,1,unknown
4803,1,unknown
4804,1,unknown
5569,1,unknown
4365,1,unknown
2397,1,unknown
2072,1,unknown
5560,1,unknown
5354,1,unknown
5562,1,unknown
5563,1,unknown
1525,1,unknown
1254,1,unknown
919,1,unknown
1253,1,unknown
1398,1,unknown
421,1,unknown
914,1,unknown
916,1,unknown
2075,1,unknown
912,1,unknown
3959,1,unknown
2878,1,unknown
3816,1,unknown
2259,1,unknown
5433,1,unknown
3952,1,unknown
3951,1,unknown
4483,1,unknown
2608,1,unknown
2609,1,unknown
5985,1,unknown
3518,1,unknown
3264,1,unknown
4110,1,unknown
3266,1,unknown
3269,1,unknown
1939,1,unknown
1938,1,unknown
847,1,unknown
5451,1,unknown
5089,1,unknown
826,1,unknown
4299,1,unknown
2070,1,unknown
841,1,unknown
840,1,unknown
3501,1,unknown
2739,1,unknown
5080,1,unknown
5087,1,unknown
3505,1,unknown
4293,1,unknown
5635,1,unknown
2671,1,unknown
5278,1,unknown
5415,1,unknown
2677,1,unknown
2560,1,unknown
2679,1,unknown
4484,1,unknown
5210,1,unknown
5221,1,unknown
5578,1,unknown
5158,1,unknown
4998,1,unknown
5732,1,unknown
2925,1,unknown
2924,1,unknown
2564,1,unknown
5333,1,unknown
3781,1,unknown
5337,1,unknown
3057,1,unknown
3214,1,unknown
4063,1,unknown
1633,1,unknown
5943,1,unknown
3212,1,unknown
3213,1,unknown
1638,1,unknown
1730,1,unknown
4740,1,unknown
1521,1,unknown
1988,1,unknown
3053,1,unknown
5018,1,unknown
5869,1,unknown
5041,1,unknown
5783,1,unknown
5864,1,unknown
5867,1,unknown
5548,1,unknown
5861,1,unknown
5860,1,unknown
5345,1,unknown
5862,1,unknown
568,1,unknown
752,1,unknown
751,1,unknown
750,1,unknown
3606,1,unknown
561,1,unknown
759,1,unknown
3608,1,unknown
3413,1,unknown
3946,1,unknown
2775,1,unknown
2183,1,unknown
1594,1,unknown
4274,1,unknown
1596,1,unknown
3075,1,unknown
2366,1,unknown
3078,1,unknown
3079,1,unknown
224,1,unknown
5131,1,unknown
2951,1,unknown
3177,1,unknown
5639,1,unknown
5344,1,unknown
1024,1,unknown
5346,1,unknown
4865,1,unknown
2216,1,unknown
5342,1,unknown
2214,1,unknown
5424,1,unknown
1184,1,unknown
1185,1,unknown
1028,1,unknown
1180,1,unknown
726,1,unknown
2358,1,unknown
5606,1,unknown
1034,1,unknown
721,1,unknown
2353,1,unknown
5416,1,unknown
2356,1,unknown
2357,1,unknown
2355,1,unknown
605,1,unknown
630,1,unknown
1167,1,unknown
601,1,unknown
3308,1,unknown
603,1,unknown
602,1,unknown
4246,1,unknown
4517,1,unknown
2431,1,unknown
1206,1,unknown
1203,1,unknown
4946,1,unknown
5649,1,unknown
3070,1,unknown
4828,1,unknown
1899,1,unknown
5526,1,unknown
5495,1,unknown
1894,1,unknown
5643,1,unknown
1897,1,unknown
1489,1,unknown
2293,1,unknown
4691,1,unknown
4921,1,unknown
4692,1,unknown
3109,1,unknown
4925,1,unknown
3196,1,unknown
4698,1,unknown
5863,1,unknown
45,1,unknown
955,1,unknown
2034,1,unknown
2138,1,unknown
41,1,unknown
1111,1,unknown
1110,1,unknown
1444,1,unknown
1115,1,unknown
1114,1,unknown
2508,1,unknown
1560,1,unknown
1561,1,unknown
4278,1,unknown
4846,1,unknown
1351,1,unknown
1294,1,unknown
1295,1,unknown
5160,1,unknown
4044,1,unknown
2423,1,unknown
2723,1,unknown
4990,1,unknown
2308,1,unknown
5169,1,unknown
5034,1,unknown
4848,1,unknown
1711,1,unknown
2425,1,unknown
4913,1,unknown
5734,1,unknown
5731,1,unknown
5027,1,unknown
5048,1,unknown
487,1,unknown
1717,1,unknown
3900,1,unknown
2427,1,unknown
2422,1,unknown
5042,1,unknown
2863,1,unknown
480,1,unknown
4398,1,unknown
4399,1,unknown
3429,1,unknown
2411,1,unknown
3385,1,unknown
1801,1,unknown
3785,1,unknown
4391,1,unknown
2782,1,unknown
1809,1,unknown
1808,1,unknown
3197,1,unknown
473,1,unknown
1364,1,unknown
4992,1,unknown
2552,1,unknown
4859,1,unknown
475,1,unknown
3519,1,unknown
428,1,unknown
2009,1,unknown
5822,1,unknown
1368,1,unknown
4850,1,unknown
